,Unnamed: 0,POPESTIMATE2019,FIPS
0,0,4903185,1000.0
1,1,55869,1001.0
2,2,223234,1003.0
3,3,24686,1005.0
4,4,22394,1007.0
5,5,57826,1009.0
6,6,10101,1011.0
7,7,19448,1013.0
8,8,113605,1015.0
9,9,33254,1017.0
10,10,26196,1019.0
11,11,44428,1021.0
12,12,12589,1023.0
13,13,23622,1025.0
14,14,13235,1027.0
15,15,14910,1029.0
16,16,52342,1031.0
17,17,55241,1033.0
18,18,12067,1035.0
19,19,10663,1037.0
20,20,37049,1039.0
21,21,13772,1041.0
22,22,83768,1043.0
23,23,49172,1045.0
24,24,37196,1047.0
25,25,71513,1049.0
26,26,81209,1051.0
27,27,36633,1053.0
28,28,102268,1055.0
29,29,16302,1057.0
30,30,31362,1059.0
31,31,26271,1061.0
32,32,8111,1063.0
33,33,14651,1065.0
34,34,17205,1067.0
35,35,105882,1069.0
36,36,51626,1071.0
37,37,658573,1073.0
38,38,13805,1075.0
39,39,92729,1077.0
40,40,32924,1079.0
41,41,164542,1081.0
42,42,98915,1083.0
43,43,9726,1085.0
44,44,18068,1087.0
45,45,372909,1089.0
46,46,18863,1091.0
47,47,29709,1093.0
48,48,96774,1095.0
49,49,413210,1097.0
50,50,20733,1099.0
51,51,226486,1101.0
52,52,119679,1103.0
53,53,8923,1105.0
54,54,19930,1107.0
55,55,33114,1109.0
56,56,22722,1111.0
57,57,57961,1113.0
58,58,89512,1115.0
59,59,217702,1117.0
60,60,12427,1119.0
61,61,79978,1121.0
62,62,40367,1123.0
63,63,209355,1125.0
64,64,63521,1127.0
65,65,16326,1129.0
66,66,10373,1131.0
67,67,23629,1133.0
68,68,731545,2000.0
69,69,3337,2013.0
70,70,5634,2016.0
71,71,288000,2020.0
72,72,18386,2050.0
73,73,836,2060.0
74,74,2097,2068.0
75,75,4916,2070.0
76,76,96849,2090.0
77,77,2530,2100.0
78,78,2148,2105.0
79,79,31974,2110.0
80,80,58708,2122.0
81,81,13901,2130.0
82,82,12998,2150.0
83,83,8314,2158.0
84,84,1592,2164.0
85,85,108317,2170.0
86,86,10004,2180.0
87,87,9832,2185.0
88,88,7621,2188.0
89,89,3266,2195.0
90,90,6203,2198.0
91,91,8493,2220.0
92,92,1183,2230.0
93,93,6893,2240.0
94,94,9202,2261.0
95,95,2502,2275.0
96,96,579,2282.0
97,97,5230,2290.0
98,98,7278717,4000.0
99,99,71887,4001.0
100,100,125922,4003.0
101,101,143476,4005.0
102,102,54018,4007.0
103,103,38837,4009.0
104,104,9498,4011.0
105,105,21108,4012.0
106,106,4485414,4013.0
107,107,212181,4015.0
108,108,110924,4017.0
109,109,1047279,4019.0
110,110,462789,4021.0
111,111,46498,4023.0
112,112,235099,4025.0
113,113,213787,4027.0
114,114,3017804,5000.0
115,115,17486,5001.0
116,116,19657,5003.0
117,117,41932,5005.0
118,118,279141,5007.0
119,119,37432,5009.0
120,120,10763,5011.0
121,121,5189,5013.0
122,122,28380,5015.0
123,123,10118,5017.0
124,124,22320,5019.0
125,125,14551,5021.0
126,126,24919,5023.0
127,127,7956,5025.0
128,128,23457,5027.0
129,129,20846,5029.0
130,130,110332,5031.0
131,131,63257,5033.0
132,132,47955,5035.0
133,133,16419,5037.0
134,134,7009,5039.0
135,135,11361,5041.0
136,136,18219,5043.0
137,137,126007,5045.0
138,138,17715,5047.0
139,139,12477,5049.0
140,140,99386,5051.0
141,141,18265,5053.0
142,142,45325,5055.0
143,143,21532,5057.0
144,144,33771,5059.0
145,145,13202,5061.0
146,146,37825,5063.0
147,147,13629,5065.0
148,148,16719,5067.0
149,149,66824,5069.0
150,150,26578,5071.0
151,151,6624,5073.0
152,152,16406,5075.0
153,153,8857,5077.0
154,154,13024,5079.0
155,155,12259,5081.0
156,156,21466,5083.0
157,157,73309,5085.0
158,158,16576,5087.0
159,159,16694,5089.0
160,160,43257,5091.0
161,161,40651,5093.0
162,162,6701,5095.0
163,163,8986,5097.0
164,164,8252,5099.0
165,165,7753,5101.0
166,166,23382,5103.0
167,167,10455,5105.0
168,168,17782,5107.0
169,169,10718,5109.0
170,170,23528,5111.0
171,171,19964,5113.0
172,172,64072,5115.0
173,173,8062,5117.0
174,174,391911,5119.0
175,175,17958,5121.0
176,176,24994,5123.0
177,177,122437,5125.0
178,178,10281,5127.0
179,179,7881,5129.0
180,180,127827,5131.0
181,181,17007,5133.0
182,182,17442,5135.0
183,183,12506,5137.0
184,184,38682,5139.0
185,185,16545,5141.0
186,186,239187,5143.0
187,187,78753,5145.0
188,188,6320,5147.0
189,189,21341,5149.0
190,190,39512223,6000.0
191,191,1671329,6001.0
192,192,1129,6003.0
193,193,39752,6005.0
194,194,219186,6007.0
195,195,45905,6009.0
196,196,21547,6011.0
197,197,1153526,6013.0
198,198,27812,6015.0
199,199,192843,6017.0
200,200,999101,6019.0
201,201,28393,6021.0
202,202,135558,6023.0
203,203,181215,6025.0
204,204,18039,6027.0
205,205,900202,6029.0
206,206,152940,6031.0
207,207,64386,6033.0
208,208,30573,6035.0
209,209,10039107,6037.0
210,210,157327,6039.0
211,211,258826,6041.0
212,212,17203,6043.0
213,213,86749,6045.0
214,214,277680,6047.0
215,215,8841,6049.0
216,216,14444,6051.0
217,217,434061,6053.0
218,218,137744,6055.0
219,219,99755,6057.0
220,220,3175692,6059.0
221,221,398329,6061.0
222,222,18807,6063.0
223,223,2470546,6065.0
224,224,1552058,6067.0
225,225,62808,6069.0
226,226,2180085,6071.0
227,227,3338330,6073.0
228,228,881549,6075.0
229,229,762148,6077.0
230,230,283111,6079.0
231,231,766573,6081.0
232,232,446499,6083.0
233,233,1927852,6085.0
234,234,273213,6087.0
235,235,180080,6089.0
236,236,3005,6091.0
237,237,43539,6093.0
238,238,447643,6095.0
239,239,494336,6097.0
240,240,550660,6099.0
241,241,96971,6101.0
242,242,65084,6103.0
243,243,12285,6105.0
244,244,466195,6107.0
245,245,54478,6109.0
246,246,846006,6111.0
247,247,220500,6113.0
248,248,78668,6115.0
249,249,5758736,8000.0
250,250,517421,8001.0
251,251,16233,8003.0
252,252,656590,8005.0
253,253,14029,8007.0
254,254,3581,8009.0
255,255,5577,8011.0
256,256,326196,8013.0
257,257,70465,8014.0
258,258,20356,8015.0
259,259,1831,8017.0
260,260,9700,8019.0
261,261,8205,8021.0
262,262,3887,8023.0
263,263,6061,8025.0
264,264,5068,8027.0
265,265,31162,8029.0
266,266,727211,8031.0
267,267,2055,8033.0
268,268,351154,8035.0
269,269,55127,8037.0
270,270,26729,8039.0
271,271,720403,8041.0
272,272,47839,8043.0
273,273,60061,8045.0
274,274,6243,8047.0
275,275,15734,8049.0
276,276,17462,8051.0
277,277,820,8053.0
278,278,6897,8055.0
279,279,1392,8057.0
280,280,582881,8059.0
281,281,1406,8061.0
282,282,7097,8063.0
283,283,8127,8065.0
284,284,56221,8067.0
285,285,356899,8069.0
286,286,14506,8071.0
287,287,5701,8073.0
288,288,22409,8075.0
289,289,154210,8077.0
290,290,769,8079.0
291,291,13283,8081.0
292,292,26183,8083.0
293,293,42758,8085.0
294,294,29068,8087.0
295,295,18278,8089.0
296,296,4952,8091.0
297,297,18845,8093.0
298,298,4265,8095.0
299,299,17767,8097.0
300,300,12172,8099.0
301,301,168424,8101.0
302,302,6324,8103.0
303,303,11267,8105.0
304,304,25638,8107.0
305,305,6824,8109.0
306,306,728,8111.0
307,307,8179,8113.0
308,308,2248,8115.0
309,309,31011,8117.0
310,310,25388,8119.0
311,311,4908,8121.0
312,312,324492,8123.0
313,313,10019,8125.0
314,314,3565287,9000.0
315,315,943332,9001.0
316,316,891720,9003.0
317,317,180333,9005.0
318,318,162436,9007.0
319,319,854757,9009.0
320,320,265206,9011.0
321,321,150721,9013.0
322,322,116782,9015.0
323,323,973764,10000.0
324,324,180786,10001.0
325,325,558753,10003.0
326,326,234225,10005.0
327,327,705749,11000.0
328,328,705749,11001.0
329,329,21477737,12000.0
330,330,269043,12001.0
331,331,29210,12003.0
332,332,174705,12005.0
333,333,28201,12007.0
334,334,601942,12009.0
335,335,1952778,12011.0
336,336,14105,12013.0
337,337,188910,12015.0
338,338,149657,12017.0
339,339,219252,12019.0
340,340,384902,12021.0
341,341,71686,12023.0
342,342,38001,12027.0
343,343,16826,12029.0
344,344,957755,12031.0
345,345,318316,12033.0
346,346,115081,12035.0
347,347,12125,12037.0
348,348,45660,12039.0
349,349,18582,12041.0
350,350,13811,12043.0
351,351,13639,12045.0
352,352,14428,12047.0
353,353,26937,12049.0
354,354,42022,12051.0
355,355,193920,12053.0
356,356,106221,12055.0
357,357,1471968,12057.0
358,358,19617,12059.0
359,359,159923,12061.0
360,360,46414,12063.0
361,361,14246,12065.0
362,362,8422,12067.0
363,363,367118,12069.0
364,364,770577,12071.0
365,365,293582,12073.0
366,366,41503,12075.0
367,367,8354,12077.0
368,368,18493,12079.0
369,369,403253,12081.0
370,370,365579,12083.0
371,371,161000,12085.0
372,372,2716940,12086.0
373,373,74228,12087.0
374,374,88625,12089.0
375,375,210738,12091.0
376,376,42168,12093.0
377,377,1393452,12095.0
378,378,375751,12097.0
379,379,1496770,12099.0
380,380,553947,12101.0
381,381,974996,12103.0
382,382,724777,12105.0
383,383,74521,12107.0
384,384,264672,12109.0
385,385,328297,12111.0
386,386,184313,12113.0
387,387,433742,12115.0
388,388,471826,12117.0
389,389,132420,12119.0
390,390,44417,12121.0
391,391,21569,12123.0
392,392,15237,12125.0
393,393,553284,12127.0
394,394,33739,12129.0
395,395,74071,12131.0
396,396,25473,12133.0
397,397,10617423,13000.0
398,398,18386,13001.0
399,399,8165,13003.0
400,400,11164,13005.0
401,401,3038,13007.0
402,402,44890,13009.0
403,403,19234,13011.0
404,404,83240,13013.0
405,405,107738,13015.0
406,406,16700,13017.0
407,407,19397,13019.0
408,408,153159,13021.0
409,409,12873,13023.0
410,410,19109,13025.0
411,411,15457,13027.0
412,412,39627,13029.0
413,413,79608,13031.0
414,414,22383,13033.0
415,415,24936,13035.0
416,416,6189,13037.0
417,417,54666,13039.0
418,418,10803,13043.0
419,419,119992,13045.0
420,420,67580,13047.0
421,421,13392,13049.0
422,422,289430,13051.0
423,423,10907,13053.0
424,424,24789,13055.0
425,425,258773,13057.0
426,426,128331,13059.0
427,427,2834,13061.0
428,428,292256,13063.0
429,429,6618,13065.0
430,430,760141,13067.0
431,431,43273,13069.0
432,432,45600,13071.0
433,433,156714,13073.0
434,434,17270,13075.0
435,435,148509,13077.0
436,436,12404,13079.0
437,437,22372,13081.0
438,438,16116,13083.0
439,439,26108,13085.0
440,440,26404,13087.0
441,441,759297,13089.0
442,442,20605,13091.0
443,443,13390,13093.0
444,444,87956,13095.0
445,445,146343,13097.0
446,446,10190,13099.0
447,447,4006,13101.0
448,448,64296,13103.0
449,449,19194,13105.0
450,450,22646,13107.0
451,451,10654,13109.0
452,452,26188,13111.0
453,453,114421,13113.0
454,454,98498,13115.0
455,455,244252,13117.0
456,456,23349,13119.0
457,457,1063937,13121.0
458,458,31369,13123.0
459,459,2971,13125.0
460,460,85292,13127.0
461,461,57963,13129.0
462,462,24633,13131.0
463,463,18324,13133.0
464,464,936250,13135.0
465,465,45328,13137.0
466,466,204441,13139.0
467,467,8457,13141.0
468,468,29792,13143.0
469,469,35236,13145.0
470,470,26205,13147.0
471,471,11923,13149.0
472,472,234561,13151.0
473,473,157863,13153.0
474,474,9416,13155.0
475,475,72977,13157.0
476,476,14219,13159.0
477,477,15115,13161.0
478,478,15362,13163.0
479,479,8676,13165.0
480,480,9643,13167.0
481,481,28735,13169.0
482,482,19077,13171.0
483,483,10423,13173.0
484,484,47546,13175.0
485,485,29992,13177.0
486,486,61435,13179.0
487,487,7921,13181.0
488,488,19559,13183.0
489,489,117406,13185.0
490,490,33610,13187.0
491,491,21312,13189.0
492,492,14378,13191.0
493,493,12947,13193.0
494,494,29880,13195.0
495,495,8359,13197.0
496,496,21167,13199.0
497,497,5718,13201.0
498,498,21863,13205.0
499,499,27578,13207.0
500,500,9172,13209.0
501,501,19276,13211.0
502,502,40096,13213.0
503,503,195769,13215.0
504,504,111744,13217.0
505,505,40280,13219.0
506,506,15259,13221.0
507,507,168667,13223.0
508,508,27546,13225.0
509,509,32591,13227.0
510,510,19465,13229.0
511,511,18962,13231.0
512,512,42613,13233.0
513,513,11137,13235.0
514,514,22119,13237.0
515,515,2299,13239.0
516,516,17137,13241.0
517,517,6778,13243.0
518,518,202518,13245.0
519,519,90896,13247.0
520,520,5257,13249.0
521,521,13966,13251.0
522,522,8090,13253.0
523,523,66703,13255.0
524,524,25925,13257.0
525,525,6621,13259.0
526,526,29524,13261.0
527,527,6195,13263.0
528,528,1537,13265.0
529,529,25286,13267.0
530,530,8020,13269.0
531,531,15860,13271.0
532,532,8531,13273.0
533,533,44451,13275.0
534,534,40644,13277.0
535,535,26830,13279.0
536,536,12037,13281.0
537,537,6901,13283.0
538,538,69922,13285.0
539,539,7985,13287.0
540,540,8120,13289.0
541,541,24511,13291.0
542,542,26320,13293.0
543,543,69761,13295.0
544,544,94593,13297.0
545,545,35734,13299.0
546,546,5254,13301.0
547,547,20374,13303.0
548,548,29927,13305.0
549,549,2607,13307.0
550,550,7855,13309.0
551,551,30798,13311.0
552,552,104628,13313.0
553,553,8635,13315.0
554,554,9777,13317.0
555,555,8954,13319.0
556,556,20247,13321.0
557,557,1415872,15000.0
558,558,201513,15001.0
559,559,974563,15003.0
560,560,86,15005.0
561,561,72293,15007.0
562,562,167417,15009.0
563,563,1787065,16000.0
564,564,481587,16001.0
565,565,4294,16003.0
566,566,87808,16005.0
567,567,6125,16007.0
568,568,9298,16009.0
569,569,46811,16011.0
570,570,23021,16013.0
571,571,7831,16015.0
572,572,45739,16017.0
573,573,119062,16019.0
574,574,12245,16021.0
575,575,2597,16023.0
576,576,1106,16025.0
577,577,229849,16027.0
578,578,7155,16029.0
579,579,24030,16031.0
580,580,845,16033.0
581,581,8756,16035.0
582,582,4315,16037.0
583,583,27511,16039.0
584,584,13876,16041.0
585,585,13099,16043.0
586,586,18112,16045.0
587,587,15179,16047.0
588,588,16667,16049.0
589,589,29871,16051.0
590,590,24412,16053.0
591,591,165697,16055.0
592,592,40108,16057.0
593,593,8027,16059.0
594,594,3838,16061.0
595,595,5366,16063.0
596,596,39907,16065.0
597,597,21039,16067.0
598,598,40408,16069.0
599,599,4531,16071.0
600,600,11823,16073.0
601,601,23951,16075.0
602,602,7681,16077.0
603,603,12882,16079.0
604,604,12142,16081.0
605,605,86878,16083.0
606,606,11392,16085.0
607,607,10194,16087.0
608,608,12671821,17000.0
609,609,65435,17001.0
610,610,5761,17003.0
611,611,16426,17005.0
612,612,53544,17007.0
613,613,6578,17009.0
614,614,32628,17011.0
615,615,4739,17013.0
616,616,14305,17015.0
617,617,12147,17017.0
618,618,209689,17019.0
619,619,32304,17021.0
620,620,15441,17023.0
621,621,13184,17025.0
622,622,37562,17027.0
623,623,50621,17029.0
624,624,5150233,17031.0
625,625,18667,17033.0
626,626,10766,17035.0
627,627,104897,17037.0
628,628,15638,17039.0
629,629,19465,17041.0
630,630,922921,17043.0
631,631,17161,17045.0
632,632,6395,17047.0
633,633,34008,17049.0
634,634,21336,17051.0
635,635,12961,17053.0
636,636,38469,17055.0
637,637,34340,17057.0
638,638,4828,17059.0
639,639,12969,17061.0
640,640,51054,17063.0
641,641,8116,17065.0
642,642,17708,17067.0
643,643,3821,17069.0
644,644,6646,17071.0
645,645,48913,17073.0
646,646,27114,17075.0
647,647,56750,17077.0
648,648,9610,17079.0
649,649,37684,17081.0
650,650,21773,17083.0
651,651,21235,17085.0
652,652,12417,17087.0
653,653,532403,17089.0
654,654,109862,17091.0
655,655,128990,17093.0
656,656,49699,17095.0
657,657,696535,17097.0
658,658,108669,17099.0
659,659,15678,17101.0
660,660,34096,17103.0
661,661,35648,17105.0
662,662,28618,17107.0
663,663,29682,17109.0
664,664,307774,17111.0
665,665,171517,17113.0
666,666,104009,17115.0
667,667,44926,17117.0
668,668,262966,17119.0
669,669,37205,17121.0
670,670,11438,17123.0
671,671,13359,17125.0
672,672,13772,17127.0
673,673,12196,17129.0
674,674,15437,17131.0
675,675,34637,17133.0
676,676,28414,17135.0
677,677,33658,17137.0
678,678,14501,17139.0
679,679,50643,17141.0
680,680,179179,17143.0
681,681,20916,17145.0
682,682,16344,17147.0
683,683,15561,17149.0
684,684,4177,17151.0
685,685,5335,17153.0
686,686,5739,17155.0
687,687,31782,17157.0
688,688,15513,17159.0
689,689,141879,17161.0
690,690,259686,17163.0
691,691,23491,17165.0
692,692,194672,17167.0
693,693,6768,17169.0
694,694,4951,17171.0
695,695,21634,17173.0
696,696,5342,17175.0
697,697,44498,17177.0
698,698,131803,17179.0
699,699,16653,17181.0
700,700,75758,17183.0
701,701,11520,17185.0
702,702,16844,17187.0
703,703,13887,17189.0
704,704,16215,17191.0
705,705,13537,17193.0
706,706,55175,17195.0
707,707,690743,17197.0
708,708,66597,17199.0
709,709,282572,17201.0
710,710,38459,17203.0
711,711,6732219,18000.0
712,712,35777,18001.0
713,713,379299,18003.0
714,714,83779,18005.0
715,715,8748,18007.0
716,716,11758,18009.0
717,717,67843,18011.0
718,718,15092,18013.0
719,719,20257,18015.0
720,720,37689,18017.0
721,721,118302,18019.0
722,722,26225,18021.0
723,723,32399,18023.0
724,724,10577,18025.0
725,725,33351,18027.0
726,726,49458,18029.0
727,727,26559,18031.0
728,728,43475,18033.0
729,729,114135,18035.0
730,730,42736,18037.0
731,731,206341,18039.0
732,732,23102,18041.0
733,733,78522,18043.0
734,734,16346,18045.0
735,735,22758,18047.0
736,736,19974,18049.0
737,737,33659,18051.0
738,738,65769,18053.0
739,739,31922,18055.0
740,740,338011,18057.0
741,741,78168,18059.0
742,742,40515,18061.0
743,743,170311,18063.0
744,744,47972,18065.0
745,745,82544,18067.0
746,746,36520,18069.0
747,747,44231,18071.0
748,748,33562,18073.0
749,749,20436,18075.0
750,750,32308,18077.0
751,751,27735,18079.0
752,752,158167,18081.0
753,753,36594,18083.0
754,754,79456,18085.0
755,755,39614,18087.0
756,756,485493,18089.0
757,757,109888,18091.0
758,758,45370,18093.0
759,759,129569,18095.0
760,760,964582,18097.0
761,761,46258,18099.0
762,762,10255,18101.0
763,763,35516,18103.0
764,764,148431,18105.0
765,765,38338,18107.0
766,766,70489,18109.0
767,767,13984,18111.0
768,768,47744,18113.0
769,769,5875,18115.0
770,770,19646,18117.0
771,771,20799,18119.0
772,772,16937,18121.0
773,773,19169,18123.0
774,774,12389,18125.0
775,775,170389,18127.0
776,776,25427,18129.0
777,777,12353,18131.0
778,778,37576,18133.0
779,779,24665,18135.0
780,780,28324,18137.0
781,781,16581,18139.0
782,782,271826,18141.0
783,783,23873,18143.0
784,784,44729,18145.0
785,785,20277,18147.0
786,786,22995,18149.0
787,787,34594,18151.0
788,788,20669,18153.0
789,789,10751,18155.0
790,790,195732,18157.0
791,791,15148,18159.0
792,792,7054,18161.0
793,793,181451,18163.0
794,794,15498,18165.0
795,795,107038,18167.0
796,796,30996,18169.0
797,797,8265,18171.0
798,798,62998,18173.0
799,799,28036,18175.0
800,800,65884,18177.0
801,801,28296,18179.0
802,802,24102,18181.0
803,803,33964,18183.0
804,804,3155070,19000.0
805,805,7152,19001.0
806,806,3602,19003.0
807,807,13687,19005.0
808,808,12426,19007.0
809,809,5496,19009.0
810,810,25645,19011.0
811,811,131228,19013.0
812,812,26234,19015.0
813,813,25062,19017.0
814,814,21175,19019.0
815,815,19620,19021.0
816,816,14439,19023.0
817,817,9668,19025.0
818,818,20165,19027.0
819,819,12836,19029.0
820,820,18627,19031.0
821,821,42450,19033.0
822,822,11235,19035.0
823,823,11933,19037.0
824,824,9395,19039.0
825,825,16016,19041.0
826,826,17549,19043.0
827,827,46429,19045.0
828,828,16820,19047.0
829,829,93453,19049.0
830,830,9000,19051.0
831,831,7870,19053.0
832,832,17011,19055.0
833,833,38967,19057.0
834,834,17258,19059.0
835,835,97311,19061.0
836,836,9208,19063.0
837,837,19650,19065.0
838,838,15642,19067.0
839,839,10070,19069.0
840,840,6960,19071.0
841,841,8888,19073.0
842,842,12232,19075.0
843,843,10689,19077.0
844,844,14773,19079.0
845,845,10630,19081.0
846,846,16846,19083.0
847,847,14049,19085.0
848,848,19954,19087.0
849,849,9158,19089.0
850,850,9558,19091.0
851,851,6860,19093.0
852,852,16184,19095.0
853,853,19439,19097.0
854,854,37185,19099.0
855,855,18295,19101.0
856,856,151140,19103.0
857,857,20681,19105.0
858,858,10246,19107.0
859,859,14813,19109.0
860,860,33657,19111.0
861,861,226706,19113.0
862,862,11035,19115.0
863,863,8600,19117.0
864,864,11755,19119.0
865,865,16338,19121.0
866,866,22095,19123.0
867,867,33253,19125.0
868,868,39369,19127.0
869,869,15109,19129.0
870,870,10586,19131.0
871,871,8615,19133.0
872,872,7707,19135.0
873,873,9917,19137.0
874,874,42664,19139.0
875,875,13753,19141.0
876,876,5958,19143.0
877,877,15107,19145.0
878,878,8886,19147.0
879,879,25177,19149.0
880,880,6619,19151.0
881,881,490161,19153.0
882,882,93206,19155.0
883,883,18504,19157.0
884,884,4894,19159.0
885,885,9721,19161.0
886,886,172943,19163.0
887,887,11454,19165.0
888,888,34855,19167.0
889,889,97117,19169.0
890,890,16854,19171.0
891,891,6121,19173.0
892,892,12241,19175.0
893,893,7044,19177.0
894,894,34969,19179.0
895,895,51466,19181.0
896,896,21965,19183.0
897,897,6441,19185.0
898,898,35904,19187.0
899,899,10354,19189.0
900,900,19991,19191.0
901,901,103107,19193.0
902,902,7381,19195.0
903,903,12562,19197.0
904,904,2913314,20000.0
905,905,12369,20001.0
906,906,7858,20003.0
907,907,16073,20005.0
908,908,4427,20007.0
909,909,25779,20009.0
910,910,14534,20011.0
911,911,9564,20013.0
912,912,66911,20015.0
913,913,2648,20017.0
914,914,3250,20019.0
915,915,19939,20021.0
916,916,2657,20023.0
917,917,1994,20025.0
918,918,8002,20027.0
919,919,8786,20029.0
920,920,8179,20031.0
921,921,1700,20033.0
922,922,34908,20035.0
923,923,38818,20037.0
924,924,2827,20039.0
925,925,18466,20041.0
926,926,7600,20043.0
927,927,122259,20045.0
928,928,2798,20047.0
929,929,2530,20049.0
930,930,28553,20051.0
931,931,6102,20053.0
932,932,36467,20055.0
933,933,33619,20057.0
934,934,25544,20059.0
935,935,31670,20061.0
936,936,2636,20063.0
937,937,2482,20065.0
938,938,7150,20067.0
939,939,5988,20069.0
940,940,1232,20071.0
941,941,5982,20073.0
942,942,2539,20075.0
943,943,5436,20077.0
944,944,34429,20079.0
945,945,3968,20081.0
946,946,1794,20083.0
947,947,13171,20085.0
948,948,19043,20087.0
949,949,2879,20089.0
950,950,602401,20091.0
951,951,3838,20093.0
952,952,7152,20095.0
953,953,2475,20097.0
954,954,19618,20099.0
955,955,1535,20101.0
956,956,81758,20103.0
957,957,2962,20105.0
958,958,9703,20107.0
959,959,2794,20109.0
960,960,33195,20111.0
961,961,28542,20113.0
962,962,11884,20115.0
963,963,9707,20117.0
964,964,4033,20119.0
965,965,34237,20121.0
966,966,5979,20123.0
967,967,31829,20125.0
968,968,5620,20127.0
969,969,2587,20129.0
970,970,10231,20131.0
971,971,16007,20133.0
972,972,2750,20135.0
973,973,5361,20137.0
974,974,15949,20139.0
975,975,3421,20141.0
976,976,5704,20143.0
977,977,6414,20145.0
978,978,5234,20147.0
979,979,24383,20149.0
980,980,9164,20151.0
981,981,2530,20153.0
982,982,61998,20155.0
983,983,4636,20157.0
984,984,9537,20159.0
985,985,74232,20161.0
986,986,4920,20163.0
987,987,3036,20165.0
988,988,6856,20167.0
989,989,54224,20169.0
990,990,4823,20171.0
991,991,516042,20173.0
992,992,21428,20175.0
993,993,176875,20177.0
994,994,2521,20179.0
995,995,5917,20181.0
996,996,3583,20183.0
997,997,4156,20185.0
998,998,2006,20187.0
999,999,5485,20189.0
1000,1000,22836,20191.0
1001,1001,7777,20193.0
1002,1002,2803,20195.0
1003,1003,6931,20197.0
1004,1004,1518,20199.0
1005,1005,5406,20201.0
1006,1006,2119,20203.0
1007,1007,8525,20205.0
1008,1008,3138,20207.0
1009,1009,165429,20209.0
1010,1010,4467673,21000.0
1011,1011,19202,21001.0
1012,1012,21315,21003.0
1013,1013,22747,21005.0
1014,1014,7888,21007.0
1015,1015,44249,21009.0
1016,1016,12500,21011.0
1017,1017,26032,21013.0
1018,1018,133581,21015.0
1019,1019,19788,21017.0
1020,1020,46718,21019.0
1021,1021,30060,21021.0
1022,1022,8303,21023.0
1023,1023,12630,21025.0
1024,1024,20477,21027.0
1025,1025,81676,21029.0
1026,1026,12879,21031.0
1027,1027,12747,21033.0
1028,1028,39001,21035.0
1029,1029,93584,21037.0
1030,1030,4760,21039.0
1031,1031,10631,21041.0
1032,1032,26797,21043.0
1033,1033,16159,21045.0
1034,1034,70461,21047.0
1035,1035,36263,21049.0
1036,1036,19901,21051.0
1037,1037,10218,21053.0
1038,1038,8806,21055.0
1039,1039,6614,21057.0
1040,1040,101511,21059.0
1041,1041,12150,21061.0
1042,1042,7517,21063.0
1043,1043,14106,21065.0
1044,1044,323152,21067.0
1045,1045,14581,21069.0
1046,1046,35589,21071.0
1047,1047,50991,21073.0
1048,1048,5969,21075.0
1049,1049,8869,21077.0
1050,1050,17666,21079.0
1051,1051,25069,21081.0
1052,1052,37266,21083.0
1053,1053,26427,21085.0
1054,1054,10941,21087.0
1055,1055,35098,21089.0
1056,1056,8722,21091.0
1057,1057,110958,21093.0
1058,1058,26010,21095.0
1059,1059,18886,21097.0
1060,1060,19035,21099.0
1061,1061,45210,21101.0
1062,1062,16126,21103.0
1063,1063,4380,21105.0
1064,1064,44686,21107.0
1065,1065,13329,21109.0
1066,1066,766757,21111.0
1067,1067,54115,21113.0
1068,1068,22188,21115.0
1069,1069,166998,21117.0
1070,1070,14806,21119.0
1071,1071,31145,21121.0
1072,1072,14398,21123.0
1073,1073,60813,21125.0
1074,1074,15317,21127.0
1075,1075,7403,21129.0
1076,1076,9877,21131.0
1077,1077,21553,21133.0
1078,1078,13275,21135.0
1079,1079,24549,21137.0
1080,1080,9194,21139.0
1081,1081,27102,21141.0
1082,1082,8210,21143.0
1083,1083,65418,21145.0
1084,1084,17231,21147.0
1085,1085,9207,21149.0
1086,1086,92987,21151.0
1087,1087,12161,21153.0
1088,1088,19273,21155.0
1089,1089,31100,21157.0
1090,1090,11195,21159.0
1091,1091,17070,21161.0
1092,1092,28572,21163.0
1093,1093,6489,21165.0
1094,1094,21933,21167.0
1095,1095,10071,21169.0
1096,1096,10650,21171.0
1097,1097,28157,21173.0
1098,1098,13309,21175.0
1099,1099,30622,21177.0
1100,1100,46233,21179.0
1101,1101,7269,21181.0
1102,1102,23994,21183.0
1103,1103,66799,21185.0
1104,1104,10901,21187.0
1105,1105,4415,21189.0
1106,1106,14590,21191.0
1107,1107,25758,21193.0
1108,1108,57876,21195.0
1109,1109,12359,21197.0
1110,1110,64979,21199.0
1111,1111,2108,21201.0
1112,1112,16695,21203.0
1113,1113,24460,21205.0
1114,1114,17923,21207.0
1115,1115,57004,21209.0
1116,1116,49024,21211.0
1117,1117,18572,21213.0
1118,1118,19351,21215.0
1119,1119,25769,21217.0
1120,1120,12294,21219.0
1121,1121,14651,21221.0
1122,1122,8471,21223.0
1123,1123,14381,21225.0
1124,1124,132896,21227.0
1125,1125,12095,21229.0
1126,1126,20333,21231.0
1127,1127,12942,21233.0
1128,1128,36264,21235.0
1129,1129,7157,21237.0
1130,1130,26734,21239.0
1131,1131,4648794,22000.0
1132,1132,62045,22001.0
1133,1133,25627,22003.0
1134,1134,126604,22005.0
1135,1135,21891,22007.0
1136,1136,40144,22009.0
1137,1137,37497,22011.0
1138,1138,13241,22013.0
1139,1139,127039,22015.0
1140,1140,240204,22017.0
1141,1141,203436,22019.0
1142,1142,9918,22021.0
1143,1143,6973,22023.0
1144,1144,9494,22025.0
1145,1145,15670,22027.0
1146,1146,19259,22029.0
1147,1147,27463,22031.0
1148,1148,440059,22033.0
1149,1149,6861,22035.0
1150,1150,19135,22037.0
1151,1151,33395,22039.0
1152,1152,20015,22041.0
1153,1153,22389,22043.0
1154,1154,69830,22045.0
1155,1155,32511,22047.0
1156,1156,15744,22049.0
1157,1157,432493,22051.0
1158,1158,31368,22053.0
1159,1159,244390,22055.0
1160,1160,97614,22057.0
1161,1161,14892,22059.0
1162,1162,46742,22061.0
1163,1163,140789,22063.0
1164,1164,10951,22065.0
1165,1165,24874,22067.0
1166,1166,38158,22069.0
1167,1167,390144,22071.0
1168,1168,153279,22073.0
1169,1169,23197,22075.0
1170,1170,21730,22077.0
1171,1171,129648,22079.0
1172,1172,8442,22081.0
1173,1173,20122,22083.0
1174,1174,23884,22085.0
1175,1175,47244,22087.0
1176,1176,53100,22089.0
1177,1177,10132,22091.0
1178,1178,21096,22093.0
1179,1179,42837,22095.0
1180,1180,82124,22097.0
1181,1181,53431,22099.0
1182,1182,49348,22101.0
1183,1183,260419,22103.0
1184,1184,134758,22105.0
1185,1185,4334,22107.0
1186,1186,110461,22109.0
1187,1187,22108,22111.0
1188,1188,59511,22113.0
1189,1189,47429,22115.0
1190,1190,46194,22117.0
1191,1191,38340,22119.0
1192,1192,26465,22121.0
1193,1193,10830,22123.0
1194,1194,15568,22125.0
1195,1195,13904,22127.0
1196,1196,1344212,23000.0
1197,1197,108277,23001.0
1198,1198,67055,23003.0
1199,1199,295003,23005.0
1200,1200,30199,23007.0
1201,1201,54987,23009.0
1202,1202,122302,23011.0
1203,1203,39772,23013.0
1204,1204,34634,23015.0
1205,1205,57975,23017.0
1206,1206,152148,23019.0
1207,1207,16785,23021.0
1208,1208,35856,23023.0
1209,1209,50484,23025.0
1210,1210,39715,23027.0
1211,1211,31379,23029.0
1212,1212,207641,23031.0
1213,1213,6045680,24000.0
1214,1214,70416,24001.0
1215,1215,579234,24003.0
1216,1216,827370,24005.0
1217,1217,92525,24009.0
1218,1218,33406,24011.0
1219,1219,168447,24013.0
1220,1220,102855,24015.0
1221,1221,163257,24017.0
1222,1222,31929,24019.0
1223,1223,259547,24021.0
1224,1224,29014,24023.0
1225,1225,255441,24025.0
1226,1226,325690,24027.0
1227,1227,19422,24029.0
1228,1228,1050688,24031.0
1229,1229,909327,24033.0
1230,1230,50381,24035.0
1231,1231,113510,24037.0
1232,1232,25616,24039.0
1233,1233,37181,24041.0
1234,1234,151049,24043.0
1235,1235,103609,24045.0
1236,1236,52276,24047.0
1237,1237,593490,24510.0
1238,1238,6892503,25000.0
1239,1239,212990,25001.0
1240,1240,124944,25003.0
1241,1241,565217,25005.0
1242,1242,17332,25007.0
1243,1243,789034,25009.0
1244,1244,70180,25011.0
1245,1245,466372,25013.0
1246,1246,160830,25015.0
1247,1247,1611699,25017.0
1248,1248,11399,25019.0
1249,1249,706775,25021.0
1250,1250,521202,25023.0
1251,1251,803907,25025.0
1252,1252,830622,25027.0
1253,1253,9986857,26000.0
1254,1254,10405,26001.0
1255,1255,9108,26003.0
1256,1256,118081,26005.0
1257,1257,28405,26007.0
1258,1258,23324,26009.0
1259,1259,14883,26011.0
1260,1260,8209,26013.0
1261,1261,61550,26015.0
1262,1262,103126,26017.0
1263,1263,17766,26019.0
1264,1264,153401,26021.0
1265,1265,43517,26023.0
1266,1266,134159,26025.0
1267,1267,51787,26027.0
1268,1268,26143,26029.0
1269,1269,25276,26031.0
1270,1270,37349,26033.0
1271,1271,30950,26035.0
1272,1272,79595,26037.0
1273,1273,14029,26039.0
1274,1274,35784,26041.0
1275,1275,25239,26043.0
1276,1276,110268,26045.0
1277,1277,33415,26047.0
1278,1278,405813,26049.0
1279,1279,25449,26051.0
1280,1280,13975,26053.0
1281,1281,93088,26055.0
1282,1282,40711,26057.0
1283,1283,45605,26059.0
1284,1284,35684,26061.0
1285,1285,30981,26063.0
1286,1286,292406,26065.0
1287,1287,64697,26067.0
1288,1288,25127,26069.0
1289,1289,11066,26071.0
1290,1290,69872,26073.0
1291,1291,158510,26075.0
1292,1292,265066,26077.0
1293,1293,18038,26079.0
1294,1294,656955,26081.0
1295,1295,2116,26083.0
1296,1296,11853,26085.0
1297,1297,87607,26087.0
1298,1298,21761,26089.0
1299,1299,98451,26091.0
1300,1300,191995,26093.0
1301,1301,6229,26095.0
1302,1302,10799,26097.0
1303,1303,873972,26099.0
1304,1304,24558,26101.0
1305,1305,66699,26103.0
1306,1306,29144,26105.0
1307,1307,43453,26107.0
1308,1308,22780,26109.0
1309,1309,83156,26111.0
1310,1310,15118,26113.0
1311,1311,150500,26115.0
1312,1312,63888,26117.0
1313,1313,9328,26119.0
1314,1314,173566,26121.0
1315,1315,48980,26123.0
1316,1316,1257584,26125.0
1317,1317,26467,26127.0
1318,1318,20997,26129.0
1319,1319,5720,26131.0
1320,1320,23460,26133.0
1321,1321,8241,26135.0
1322,1322,24668,26137.0
1323,1323,291830,26139.0
1324,1324,12592,26141.0
1325,1325,24019,26143.0
1326,1326,190539,26145.0
1327,1327,159128,26147.0
1328,1328,60964,26149.0
1329,1329,41170,26151.0
1330,1330,8094,26153.0
1331,1331,68122,26155.0
1332,1332,52245,26157.0
1333,1333,75677,26159.0
1334,1334,367601,26161.0
1335,1335,1749343,26163.0
1336,1336,33631,26165.0
1337,1337,5639632,27000.0
1338,1338,15886,27001.0
1339,1339,356921,27003.0
1340,1340,34423,27005.0
1341,1341,47188,27007.0
1342,1342,40889,27009.0
1343,1343,4991,27011.0
1344,1344,67653,27013.0
1345,1345,25008,27015.0
1346,1346,35871,27017.0
1347,1347,105089,27019.0
1348,1348,29779,27021.0
1349,1349,11800,27023.0
1350,1350,56579,27025.0
1351,1351,64222,27027.0
1352,1352,8818,27029.0
1353,1353,5463,27031.0
1354,1354,11196,27033.0
1355,1355,65055,27035.0
1356,1356,429021,27037.0
1357,1357,20934,27039.0
1358,1358,38141,27041.0
1359,1359,13653,27043.0
1360,1360,21067,27045.0
1361,1361,30281,27047.0
1362,1362,46340,27049.0
1363,1363,5972,27051.0
1364,1364,1265843,27053.0
1365,1365,18600,27055.0
1366,1366,21491,27057.0
1367,1367,40596,27059.0
1368,1368,45130,27061.0
1369,1369,9846,27063.0
1370,1370,16337,27065.0
1371,1371,43199,27067.0
1372,1372,4298,27069.0
1373,1373,12229,27071.0
1374,1374,6623,27073.0
1375,1375,10641,27075.0
1376,1376,3740,27077.0
1377,1377,28887,27079.0
1378,1378,5639,27081.0
1379,1379,25474,27083.0
1380,1380,35893,27085.0
1381,1381,5527,27087.0
1382,1382,9336,27089.0
1383,1383,19683,27091.0
1384,1384,23222,27093.0
1385,1385,26277,27095.0
1386,1386,33386,27097.0
1387,1387,40062,27099.0
1388,1388,8194,27101.0
1389,1389,34274,27103.0
1390,1390,21629,27105.0
1391,1391,6375,27107.0
1392,1392,158293,27109.0
1393,1393,58746,27111.0
1394,1394,14119,27113.0
1395,1395,29579,27115.0
1396,1396,9126,27117.0
1397,1397,31364,27119.0
1398,1398,11249,27121.0
1399,1399,550321,27123.0
1400,1400,4055,27125.0
1401,1401,15170,27127.0
1402,1402,14548,27129.0
1403,1403,66972,27131.0
1404,1404,9315,27133.0
1405,1405,15165,27135.0
1406,1406,199070,27137.0
1407,1407,149013,27139.0
1408,1408,97238,27141.0
1409,1409,14865,27143.0
1410,1410,161075,27145.0
1411,1411,36649,27147.0
1412,1412,9805,27149.0
1413,1413,9266,27151.0
1414,1414,24664,27153.0
1415,1415,3259,27155.0
1416,1416,21627,27157.0
1417,1417,13682,27159.0
1418,1418,18612,27161.0
1419,1419,262440,27163.0
1420,1420,10897,27165.0
1421,1421,6207,27167.0
1422,1422,50484,27169.0
1423,1423,138377,27171.0
1424,1424,9709,27173.0
1425,1425,2976149,28000.0
1426,1426,30693,28001.0
1427,1427,36953,28003.0
1428,1428,12297,28005.0
1429,1429,18174,28007.0
1430,1430,8259,28009.0
1431,1431,30628,28011.0
1432,1432,14361,28013.0
1433,1433,9947,28015.0
1434,1434,17103,28017.0
1435,1435,8210,28019.0
1436,1436,8988,28021.0
1437,1437,15541,28023.0
1438,1438,19316,28025.0
1439,1439,22124,28027.0
1440,1440,28065,28029.0
1441,1441,18636,28031.0
1442,1442,184945,28033.0
1443,1443,74897,28035.0
1444,1444,7713,28037.0
1445,1445,24500,28039.0
1446,1446,13586,28041.0
1447,1447,20758,28043.0
1448,1448,47632,28045.0
1449,1449,208080,28047.0
1450,1450,231840,28049.0
1451,1451,17010,28051.0
1452,1452,8064,28053.0
1453,1453,1327,28055.0
1454,1454,23390,28057.0
1455,1455,143617,28059.0
1456,1456,16383,28061.0
1457,1457,6990,28063.0
1458,1458,11128,28065.0
1459,1459,68098,28067.0
1460,1460,9742,28069.0
1461,1461,54019,28071.0
1462,1462,63343,28073.0
1463,1463,74125,28075.0
1464,1464,12586,28077.0
1465,1465,22786,28079.0
1466,1466,85436,28081.0
1467,1467,28183,28083.0
1468,1468,34153,28085.0
1469,1469,58595,28087.0
1470,1470,106272,28089.0
1471,1471,24573,28091.0
1472,1472,35294,28093.0
1473,1473,35252,28095.0
1474,1474,9775,28097.0
1475,1475,29118,28099.0
1476,1476,21018,28101.0
1477,1477,10417,28103.0
1478,1478,49587,28105.0
1479,1479,34192,28107.0
1480,1480,55535,28109.0
1481,1481,11973,28111.0
1482,1482,39288,28113.0
1483,1483,32174,28115.0
1484,1484,25126,28117.0
1485,1485,6792,28119.0
1486,1486,155271,28121.0
1487,1487,28124,28123.0
1488,1488,4321,28125.0
1489,1489,26658,28127.0
1490,1490,15916,28129.0
1491,1491,18336,28131.0
1492,1492,25110,28133.0
1493,1493,13809,28135.0
1494,1494,28321,28137.0
1495,1495,22015,28139.0
1496,1496,19383,28141.0
1497,1497,9632,28143.0
1498,1498,28815,28145.0
1499,1499,14286,28147.0
1500,1500,45381,28149.0
1501,1501,43909,28151.0
1502,1502,20183,28153.0
1503,1503,9689,28155.0
1504,1504,8630,28157.0
1505,1505,17955,28159.0
1506,1506,12108,28161.0
1507,1507,29690,28163.0
1508,1508,6137428,29000.0
1509,1509,25343,29001.0
1510,1510,17712,29003.0
1511,1511,5143,29005.0
1512,1512,25388,29007.0
1513,1513,35789,29009.0
1514,1514,11754,29011.0
1515,1515,16172,29013.0
1516,1516,19443,29015.0
1517,1517,12133,29017.0
1518,1518,180463,29019.0
1519,1519,87364,29021.0
1520,1520,42478,29023.0
1521,1521,9020,29025.0
1522,1522,44743,29027.0
1523,1523,46305,29029.0
1524,1524,78871,29031.0
1525,1525,8679,29033.0
1526,1526,5982,29035.0
1527,1527,105780,29037.0
1528,1528,14349,29039.0
1529,1529,7426,29041.0
1530,1530,88595,29043.0
1531,1531,6797,29045.0
1532,1532,249948,29047.0
1533,1533,20387,29049.0
1534,1534,76745,29051.0
1535,1535,17709,29053.0
1536,1536,23920,29055.0
1537,1537,7561,29057.0
1538,1538,16878,29059.0
1539,1539,8278,29061.0
1540,1540,12547,29063.0
1541,1541,15573,29065.0
1542,1542,13185,29067.0
1543,1543,29131,29069.0
1544,1544,103967,29071.0
1545,1545,14706,29073.0
1546,1546,6571,29075.0
1547,1547,293086,29077.0
1548,1548,9850,29079.0
1549,1549,8352,29081.0
1550,1550,21824,29083.0
1551,1551,9544,29085.0
1552,1552,4403,29087.0
1553,1553,10001,29089.0
1554,1554,40117,29091.0
1555,1555,10125,29093.0
1556,1556,703011,29095.0
1557,1557,121328,29097.0
1558,1558,225081,29099.0
1559,1559,54062,29101.0
1560,1560,3959,29103.0
1561,1561,35723,29105.0
1562,1562,32708,29107.0
1563,1563,38355,29109.0
1564,1564,9776,29111.0
1565,1565,59013,29113.0
1566,1566,11920,29115.0
1567,1567,15227,29117.0
1568,1568,22837,29119.0
1569,1569,15117,29121.0
1570,1570,12088,29123.0
1571,1571,8697,29125.0
1572,1572,28530,29127.0
1573,1573,3617,29129.0
1574,1574,25619,29131.0
1575,1575,13180,29133.0
1576,1576,16132,29135.0
1577,1577,8644,29137.0
1578,1578,11551,29139.0
1579,1579,20627,29141.0
1580,1580,17076,29143.0
1581,1581,58236,29145.0
1582,1582,22092,29147.0
1583,1583,10529,29149.0
1584,1584,13615,29151.0
1585,1585,9174,29153.0
1586,1586,15805,29155.0
1587,1587,19136,29157.0
1588,1588,42339,29159.0
1589,1589,44573,29161.0
1590,1590,18302,29163.0
1591,1591,104418,29165.0
1592,1592,32149,29167.0
1593,1593,52607,29169.0
1594,1594,4696,29171.0
1595,1595,10309,29173.0
1596,1596,24748,29175.0
1597,1597,23018,29177.0
1598,1598,6270,29179.0
1599,1599,13288,29181.0
1600,1600,402022,29183.0
1601,1601,9397,29185.0
1602,1602,17894,29186.0
1603,1603,67215,29187.0
1604,1604,994205,29189.0
1605,1605,22761,29195.0
1606,1606,4660,29197.0
1607,1607,4902,29199.0
1608,1608,38280,29201.0
1609,1609,8166,29203.0
1610,1610,5930,29205.0
1611,1611,29025,29207.0
1612,1612,31952,29209.0
1613,1613,6089,29211.0
1614,1614,55928,29213.0
1615,1615,25398,29215.0
1616,1616,20563,29217.0
1617,1617,35649,29219.0
1618,1618,24730,29221.0
1619,1619,12873,29223.0
1620,1620,39592,29225.0
1621,1621,2013,29227.0
1622,1622,18289,29229.0
1623,1623,300576,29510.0
1624,1624,1068778,30000.0
1625,1625,9453,30001.0
1626,1626,13319,30003.0
1627,1627,6681,30005.0
1628,1628,6237,30007.0
1629,1629,10725,30009.0
1630,1630,1252,30011.0
1631,1631,81366,30013.0
1632,1632,5635,30015.0
1633,1633,11402,30017.0
1634,1634,1690,30019.0
1635,1635,8613,30021.0
1636,1636,9140,30023.0
1637,1637,2846,30025.0
1638,1638,11050,30027.0
1639,1639,103806,30029.0
1640,1640,114434,30031.0
1641,1641,1258,30033.0
1642,1642,13753,30035.0
1643,1643,821,30037.0
1644,1644,3379,30039.0
1645,1645,16484,30041.0
1646,1646,12221,30043.0
1647,1647,2007,30045.0
1648,1648,30458,30047.0
1649,1649,69432,30049.0
1650,1650,2337,30051.0
1651,1651,19980,30053.0
1652,1652,1664,30055.0
1653,1653,8600,30057.0
1654,1654,1862,30059.0
1655,1655,4397,30061.0
1656,1656,119600,30063.0
1657,1657,4633,30065.0
1658,1658,16606,30067.0
1659,1659,487,30069.0
1660,1660,3954,30071.0
1661,1661,5911,30073.0
1662,1662,1682,30075.0
1663,1663,6890,30077.0
1664,1664,1077,30079.0
1665,1665,43806,30081.0
1666,1666,10803,30083.0
1667,1667,11004,30085.0
1668,1668,8937,30087.0
1669,1669,12113,30089.0
1670,1670,3309,30091.0
1671,1671,34915,30093.0
1672,1672,9642,30095.0
1673,1673,3737,30097.0
1674,1674,6147,30099.0
1675,1675,4736,30101.0
1676,1676,696,30103.0
1677,1677,7396,30105.0
1678,1678,2126,30107.0
1679,1679,969,30109.0
1680,1680,161300,30111.0
1681,1681,1934408,31000.0
1682,1682,31363,31001.0
1683,1683,6298,31003.0
1684,1684,463,31005.0
1685,1685,745,31007.0
1686,1686,465,31009.0
1687,1687,5192,31011.0
1688,1688,10783,31013.0
1689,1689,1919,31015.0
1690,1690,2955,31017.0
1691,1691,49659,31019.0
1692,1692,6459,31021.0
1693,1693,8016,31023.0
1694,1694,26248,31025.0
1695,1695,8402,31027.0
1696,1696,3924,31029.0
1697,1697,5689,31031.0
1698,1698,8910,31033.0
1699,1699,6203,31035.0
1700,1700,10709,31037.0
1701,1701,8846,31039.0
1702,1702,10777,31041.0
1703,1703,20026,31043.0
1704,1704,8589,31045.0
1705,1705,23595,31047.0
1706,1706,1794,31049.0
1707,1707,5636,31051.0
1708,1708,36565,31053.0
1709,1709,571327,31055.0
1710,1710,1693,31057.0
1711,1711,5462,31059.0
1712,1712,2979,31061.0
1713,1713,2627,31063.0
1714,1714,4676,31065.0
1715,1715,21513,31067.0
1716,1716,1837,31069.0
1717,1717,1969,31071.0
1718,1718,1990,31073.0
1719,1719,623,31075.0
1720,1720,2356,31077.0
1721,1721,61353,31079.0
1722,1722,9324,31081.0
1723,1723,3380,31083.0
1724,1724,922,31085.0
1725,1725,2762,31087.0
1726,1726,10067,31089.0
1727,1727,682,31091.0
1728,1728,6445,31093.0
1729,1729,7046,31095.0
1730,1730,5071,31097.0
1731,1731,6495,31099.0
1732,1732,8034,31101.0
1733,1733,806,31103.0
1734,1734,3632,31105.0
1735,1735,8332,31107.0
1736,1736,319090,31109.0
1737,1737,34914,31111.0
1738,1738,748,31113.0
1739,1739,664,31115.0
1740,1740,494,31117.0
1741,1741,35099,31119.0
1742,1742,7755,31121.0
1743,1743,4642,31123.0
1744,1744,3519,31125.0
1745,1745,6972,31127.0
1746,1746,4148,31129.0
1747,1747,16012,31131.0
1748,1748,2613,31133.0
1749,1749,2891,31135.0
1750,1750,9034,31137.0
1751,1751,7148,31139.0
1752,1752,33470,31141.0
1753,1753,5213,31143.0
1754,1754,10724,31145.0
1755,1755,7865,31147.0
1756,1756,1357,31149.0
1757,1757,14224,31151.0
1758,1758,187196,31153.0
1759,1759,21578,31155.0
1760,1760,35618,31157.0
1761,1761,17284,31159.0
1762,1762,5246,31161.0
1763,1763,3001,31163.0
1764,1764,1166,31165.0
1765,1765,5920,31167.0
1766,1766,5003,31169.0
1767,1767,722,31171.0
1768,1768,7224,31173.0
1769,1769,4158,31175.0
1770,1770,20729,31177.0
1771,1771,9385,31179.0
1772,1772,3487,31181.0
1773,1773,783,31183.0
1774,1774,13679,31185.0
1775,1775,3080156,32000.0
1776,1776,24909,32001.0
1777,1777,2266715,32003.0
1778,1778,48905,32005.0
1779,1779,52778,32007.0
1780,1780,873,32009.0
1781,1781,2029,32011.0
1782,1782,16831,32013.0
1783,1783,5532,32015.0
1784,1784,5183,32017.0
1785,1785,57510,32019.0
1786,1786,4505,32021.0
1787,1787,46523,32023.0
1788,1788,6725,32027.0
1789,1789,4123,32029.0
1790,1790,471519,32031.0
1791,1791,9580,32033.0
1792,1792,55916,32510.0
1793,1793,1359711,33000.0
1794,1794,61303,33001.0
1795,1795,48910,33003.0
1796,1796,76085,33005.0
1797,1797,31563,33007.0
1798,1798,89886,33009.0
1799,1799,417025,33011.0
1800,1800,151391,33013.0
1801,1801,309769,33015.0
1802,1802,130633,33017.0
1803,1803,43146,33019.0
1804,1804,8882190,34000.0
1805,1805,263670,34001.0
1806,1806,932202,34003.0
1807,1807,445349,34005.0
1808,1808,506471,34007.0
1809,1809,92039,34009.0
1810,1810,149527,34011.0
1811,1811,798975,34013.0
1812,1812,291636,34015.0
1813,1813,672391,34017.0
1814,1814,124371,34019.0
1815,1815,367430,34021.0
1816,1816,825062,34023.0
1817,1817,618795,34025.0
1818,1818,491845,34027.0
1819,1819,607186,34029.0
1820,1820,501826,34031.0
1821,1821,62385,34033.0
1822,1822,328934,34035.0
1823,1823,140488,34037.0
1824,1824,556341,34039.0
1825,1825,105267,34041.0
1826,1826,2096829,35000.0
1827,1827,679121,35001.0
1828,1828,3527,35003.0
1829,1829,64615,35005.0
1830,1830,26675,35006.0
1831,1831,11941,35007.0
1832,1832,48954,35009.0
1833,1833,1748,35011.0
1834,1834,218195,35013.0
1835,1835,58460,35015.0
1836,1836,26998,35017.0
1837,1837,4300,35019.0
1838,1838,625,35021.0
1839,1839,4198,35023.0
1840,1840,71070,35025.0
1841,1841,19572,35027.0
1842,1842,19369,35028.0
1843,1843,23709,35029.0
1844,1844,71367,35031.0
1845,1845,4521,35033.0
1846,1846,67490,35035.0
1847,1847,8253,35037.0
1848,1848,38921,35039.0
1849,1849,18500,35041.0
1850,1850,146748,35043.0
1851,1851,123958,35045.0
1852,1852,27277,35047.0
1853,1853,150358,35049.0
1854,1854,10791,35051.0
1855,1855,16637,35053.0
1856,1856,32723,35055.0
1857,1857,15461,35057.0
1858,1858,4059,35059.0
1859,1859,76688,35061.0
1860,1860,19453561,36000.0
1861,1861,305506,36001.0
1862,1862,46091,36003.0
1863,1863,1418207,36005.0
1864,1864,190488,36007.0
1865,1865,76117,36009.0
1866,1866,76576,36011.0
1867,1867,126903,36013.0
1868,1868,83456,36015.0
1869,1869,47207,36017.0
1870,1870,80485,36019.0
1871,1871,59461,36021.0
1872,1872,47581,36023.0
1873,1873,44135,36025.0
1874,1874,294218,36027.0
1875,1875,918702,36029.0
1876,1876,36885,36031.0
1877,1877,50022,36033.0
1878,1878,53383,36035.0
1879,1879,57280,36037.0
1880,1880,47188,36039.0
1881,1881,4416,36041.0
1882,1882,61319,36043.0
1883,1883,109834,36045.0
1884,1884,2559903,36047.0
1885,1885,26296,36049.0
1886,1886,62914,36051.0
1887,1887,70941,36053.0
1888,1888,741770,36055.0
1889,1889,49221,36057.0
1890,1890,1356924,36059.0
1891,1891,1628706,36061.0
1892,1892,209281,36063.0
1893,1893,228671,36065.0
1894,1894,460528,36067.0
1895,1895,109777,36069.0
1896,1896,384940,36071.0
1897,1897,40352,36073.0
1898,1898,117124,36075.0
1899,1899,59493,36077.0
1900,1900,98320,36079.0
1901,1901,2253858,36081.0
1902,1902,158714,36083.0
1903,1903,476143,36085.0
1904,1904,325789,36087.0
1905,1905,107740,36089.0
1906,1906,229863,36091.0
1907,1907,155299,36093.0
1908,1908,30999,36095.0
1909,1909,17807,36097.0
1910,1910,34016,36099.0
1911,1911,95379,36101.0
1912,1912,1476601,36103.0
1913,1913,75432,36105.0
1914,1914,48203,36107.0
1915,1915,102180,36109.0
1916,1916,177573,36111.0
1917,1917,63944,36113.0
1918,1918,61204,36115.0
1919,1919,89918,36117.0
1920,1920,967506,36119.0
1921,1921,39859,36121.0
1922,1922,24913,36123.0
1923,1923,10488084,37000.0
1924,1924,169509,37001.0
1925,1925,37497,37003.0
1926,1926,11137,37005.0
1927,1927,24446,37007.0
1928,1928,27203,37009.0
1929,1929,17557,37011.0
1930,1930,46994,37013.0
1931,1931,18947,37015.0
1932,1932,32722,37017.0
1933,1933,142820,37019.0
1934,1934,261191,37021.0
1935,1935,90485,37023.0
1936,1936,216453,37025.0
1937,1937,82178,37027.0
1938,1938,10867,37029.0
1939,1939,69473,37031.0
1940,1940,22604,37033.0
1941,1941,159551,37035.0
1942,1942,74470,37037.0
1943,1943,28612,37039.0
1944,1944,13943,37041.0
1945,1945,11231,37043.0
1946,1946,97947,37045.0
1947,1947,55508,37047.0
1948,1948,102139,37049.0
1949,1949,335509,37051.0
1950,1950,27763,37053.0
1951,1951,37009,37055.0
1952,1952,167609,37057.0
1953,1953,42846,37059.0
1954,1954,58741,37061.0
1955,1955,321488,37063.0
1956,1956,51472,37065.0
1957,1957,382295,37067.0
1958,1958,69685,37069.0
1959,1959,224529,37071.0
1960,1960,11562,37073.0
1961,1961,8441,37075.0
1962,1962,60443,37077.0
1963,1963,21069,37079.0
1964,1964,537174,37081.0
1965,1965,50010,37083.0
1966,1966,135976,37085.0
1967,1967,62317,37087.0
1968,1968,117417,37089.0
1969,1969,23677,37091.0
1970,1970,55234,37093.0
1971,1971,4937,37095.0
1972,1972,181806,37097.0
1973,1973,43938,37099.0
1974,1974,209339,37101.0
1975,1975,9419,37103.0
1976,1976,61779,37105.0
1977,1977,55949,37107.0
1978,1978,86111,37109.0
1979,1979,45756,37111.0
1980,1980,35858,37113.0
1981,1981,21755,37115.0
1982,1982,22440,37117.0
1983,1983,1110356,37119.0
1984,1984,14964,37121.0
1985,1985,27173,37123.0
1986,1986,100880,37125.0
1987,1987,94298,37127.0
1988,1988,234473,37129.0
1989,1989,19483,37131.0
1990,1990,197938,37133.0
1991,1991,148476,37135.0
1992,1992,12726,37137.0
1993,1993,39824,37139.0
1994,1994,63060,37141.0
1995,1995,13463,37143.0
1996,1996,39490,37145.0
1997,1997,180742,37147.0
1998,1998,20724,37149.0
1999,1999,143667,37151.0
2000,2000,44829,37153.0
2001,2001,130625,37155.0
2002,2002,91010,37157.0
2003,2003,142088,37159.0
2004,2004,67029,37161.0
2005,2005,63531,37163.0
2006,2006,34823,37165.0
2007,2007,62806,37167.0
2008,2008,45591,37169.0
2009,2009,71783,37171.0
2010,2010,14271,37173.0
2011,2011,34385,37175.0
2012,2012,4016,37177.0
2013,2013,239859,37179.0
2014,2014,44535,37181.0
2015,2015,1111761,37183.0
2016,2016,19731,37185.0
2017,2017,11580,37187.0
2018,2018,56177,37189.0
2019,2019,123131,37191.0
2020,2020,68412,37193.0
2021,2021,81801,37195.0
2022,2022,37667,37197.0
2023,2023,18069,37199.0
2024,2024,762062,38000.0
2025,2025,2216,38001.0
2026,2026,10415,38003.0
2027,2027,6832,38005.0
2028,2028,928,38007.0
2029,2029,6282,38009.0
2030,2030,3024,38011.0
2031,2031,2115,38013.0
2032,2032,95626,38015.0
2033,2033,181923,38017.0
2034,2034,3762,38019.0
2035,2035,4872,38021.0
2036,2036,2264,38023.0
2037,2037,4424,38025.0
2038,2038,2287,38027.0
2039,2039,3241,38029.0
2040,2040,3210,38031.0
2041,2041,1761,38033.0
2042,2042,69451,38035.0
2043,2043,2274,38037.0
2044,2044,2231,38039.0
2045,2045,2499,38041.0
2046,2046,2480,38043.0
2047,2047,4046,38045.0
2048,2048,1850,38047.0
2049,2049,5745,38049.0
2050,2050,2497,38051.0
2051,2051,15024,38053.0
2052,2052,9450,38055.0
2053,2053,8187,38057.0
2054,2054,31364,38059.0
2055,2055,10545,38061.0
2056,2056,2879,38063.0
2057,2057,1959,38065.0
2058,2058,6801,38067.0
2059,2059,3975,38069.0
2060,2060,11519,38071.0
2061,2061,5218,38073.0
2062,2062,2327,38075.0
2063,2063,16177,38077.0
2064,2064,14176,38079.0
2065,2065,3898,38081.0
2066,2066,1315,38083.0
2067,2067,4230,38085.0
2068,2068,750,38087.0
2069,2069,31489,38089.0
2070,2070,1890,38091.0
2071,2071,20704,38093.0
2072,2072,2189,38095.0
2073,2073,8036,38097.0
2074,2074,10641,38099.0
2075,2075,67641,38101.0
2076,2076,3834,38103.0
2077,2077,37589,38105.0
2078,2078,11689100,39000.0
2079,2079,27698,39001.0
2080,2080,102351,39003.0
2081,2081,53484,39005.0
2082,2082,97241,39007.0
2083,2083,65327,39009.0
2084,2084,45656,39011.0
2085,2085,67006,39013.0
2086,2086,43432,39015.0
2087,2087,383134,39017.0
2088,2088,26914,39019.0
2089,2089,38885,39021.0
2090,2090,134083,39023.0
2091,2091,206428,39025.0
2092,2092,41968,39027.0
2093,2093,101883,39029.0
2094,2094,36600,39031.0
2095,2095,41494,39033.0
2096,2096,1235072,39035.0
2097,2097,51113,39037.0
2098,2098,38087,39039.0
2099,2099,209177,39041.0
2100,2100,74266,39043.0
2101,2101,157574,39045.0
2102,2102,28525,39047.0
2103,2103,1316756,39049.0
2104,2104,42126,39051.0
2105,2105,29898,39053.0
2106,2106,93649,39055.0
2107,2107,168937,39057.0
2108,2108,38875,39059.0
2109,2109,817473,39061.0
2110,2110,75783,39063.0
2111,2111,31365,39065.0
2112,2112,15040,39067.0
2113,2113,27006,39069.0
2114,2114,43161,39071.0
2115,2115,28264,39073.0
2116,2116,43960,39075.0
2117,2117,58266,39077.0
2118,2118,32413,39079.0
2119,2119,65325,39081.0
2120,2120,62322,39083.0
2121,2121,230149,39085.0
2122,2122,59463,39087.0
2123,2123,176862,39089.0
2124,2124,45672,39091.0
2125,2125,309833,39093.0
2126,2126,428348,39095.0
2127,2127,44731,39097.0
2128,2128,228683,39099.0
2129,2129,65093,39101.0
2130,2130,179746,39103.0
2131,2131,22907,39105.0
2132,2132,41172,39107.0
2133,2133,106987,39109.0
2134,2134,13654,39111.0
2135,2135,531687,39113.0
2136,2136,14508,39115.0
2137,2137,35328,39117.0
2138,2138,86215,39119.0
2139,2139,14424,39121.0
2140,2140,40525,39123.0
2141,2141,18672,39125.0
2142,2142,36134,39127.0
2143,2143,58457,39129.0
2144,2144,27772,39131.0
2145,2145,162466,39133.0
2146,2146,40882,39135.0
2147,2147,33861,39137.0
2148,2148,121154,39139.0
2149,2149,76666,39141.0
2150,2150,58518,39143.0
2151,2151,75314,39145.0
2152,2152,55178,39147.0
2153,2153,48590,39149.0
2154,2154,370606,39151.0
2155,2155,541013,39153.0
2156,2156,197974,39155.0
2157,2157,91987,39157.0
2158,2158,58988,39159.0
2159,2159,28275,39161.0
2160,2160,13085,39163.0
2161,2161,234602,39165.0
2162,2162,59911,39167.0
2163,2163,115710,39169.0
2164,2164,36692,39171.0
2165,2165,130817,39173.0
2166,2166,21772,39175.0
2167,2167,3956971,40000.0
2168,2168,22194,40001.0
2169,2169,5702,40003.0
2170,2170,13758,40005.0
2171,2171,5311,40007.0
2172,2172,21859,40009.0
2173,2173,9429,40011.0
2174,2174,47995,40013.0
2175,2175,28762,40015.0
2176,2176,148306,40017.0
2177,2177,48111,40019.0
2178,2178,48657,40021.0
2179,2179,14672,40023.0
2180,2180,2137,40025.0
2181,2181,284014,40027.0
2182,2182,5495,40029.0
2183,2183,120749,40031.0
2184,2184,5666,40033.0
2185,2185,14142,40035.0
2186,2186,71522,40037.0
2187,2187,29003,40039.0
2188,2188,43009,40041.0
2189,2189,4891,40043.0
2190,2190,3859,40045.0
2191,2191,61056,40047.0
2192,2192,27711,40049.0
2193,2193,55834,40051.0
2194,2194,4333,40053.0
2195,2195,5712,40055.0
2196,2196,2653,40057.0
2197,2197,3688,40059.0
2198,2198,12627,40061.0
2199,2199,13279,40063.0
2200,2200,24530,40065.0
2201,2201,6002,40067.0
2202,2202,11085,40069.0
2203,2203,43538,40071.0
2204,2204,15765,40073.0
2205,2205,8708,40075.0
2206,2206,10073,40077.0
2207,2207,49853,40079.0
2208,2208,34877,40081.0
2209,2209,48011,40083.0
2210,2210,10253,40085.0
2211,2211,40474,40087.0
2212,2212,32832,40089.0
2213,2213,19596,40091.0
2214,2214,7629,40093.0
2215,2215,16931,40095.0
2216,2216,41100,40097.0
2217,2217,14073,40099.0
2218,2218,67997,40101.0
2219,2219,11131,40103.0
2220,2220,10076,40105.0
2221,2221,11993,40107.0
2222,2222,797434,40109.0
2223,2223,38465,40111.0
2224,2224,46963,40113.0
2225,2225,31127,40115.0
2226,2226,16376,40117.0
2227,2227,81784,40119.0
2228,2228,43654,40121.0
2229,2229,38284,40123.0
2230,2230,72592,40125.0
2231,2231,11096,40127.0
2232,2232,3583,40129.0
2233,2233,92459,40131.0
2234,2234,24258,40133.0
2235,2235,41569,40135.0
2236,2236,43143,40137.0
2237,2237,19983,40139.0
2238,2238,7250,40141.0
2239,2239,651552,40143.0
2240,2240,81289,40145.0
2241,2241,51527,40147.0
2242,2242,10916,40149.0
2243,2243,8793,40151.0
2244,2244,20211,40153.0
2245,2245,4217737,41000.0
2246,2246,16124,41001.0
2247,2247,93053,41003.0
2248,2248,418187,41005.0
2249,2249,40224,41007.0
2250,2250,52354,41009.0
2251,2251,64487,41011.0
2252,2252,24404,41013.0
2253,2253,22925,41015.0
2254,2254,197692,41017.0
2255,2255,110980,41019.0
2256,2256,1912,41021.0
2257,2257,7199,41023.0
2258,2258,7393,41025.0
2259,2259,23382,41027.0
2260,2260,220944,41029.0
2261,2261,24658,41031.0
2262,2262,87487,41033.0
2263,2263,68238,41035.0
2264,2264,7869,41037.0
2265,2265,382067,41039.0
2266,2266,49962,41041.0
2267,2267,129749,41043.0
2268,2268,30571,41045.0
2269,2269,347818,41047.0
2270,2270,11603,41049.0
2271,2271,812855,41051.0
2272,2272,86085,41053.0
2273,2273,1780,41055.0
2274,2274,27036,41057.0
2275,2275,77950,41059.0
2276,2276,26835,41061.0
2277,2277,7208,41063.0
2278,2278,26682,41065.0
2279,2279,601592,41067.0
2280,2280,1332,41069.0
2281,2281,107100,41071.0
2282,2282,12801989,42000.0
2283,2283,103009,42001.0
2284,2284,1216045,42003.0
2285,2285,64735,42005.0
2286,2286,163929,42007.0
2287,2287,47888,42009.0
2288,2288,421164,42011.0
2289,2289,121829,42013.0
2290,2290,60323,42015.0
2291,2291,628270,42017.0
2292,2292,187853,42019.0
2293,2293,130192,42021.0
2294,2294,4447,42023.0
2295,2295,64182,42025.0
2296,2296,162385,42027.0
2297,2297,524989,42029.0
2298,2298,38438,42031.0
2299,2299,79255,42033.0
2300,2300,38632,42035.0
2301,2301,64964,42037.0
2302,2302,84629,42039.0
2303,2303,253370,42041.0
2304,2304,278299,42043.0
2305,2305,566747,42045.0
2306,2306,29910,42047.0
2307,2307,269728,42049.0
2308,2308,129274,42051.0
2309,2309,7247,42053.0
2310,2310,155027,42055.0
2311,2311,14530,42057.0
2312,2312,36233,42059.0
2313,2313,45144,42061.0
2314,2314,84073,42063.0
2315,2315,43425,42065.0
2316,2316,24763,42067.0
2317,2317,209674,42069.0
2318,2318,545724,42071.0
2319,2319,85512,42073.0
2320,2320,141793,42075.0
2321,2321,369318,42077.0
2322,2322,317417,42079.0
2323,2323,113299,42081.0
2324,2324,40625,42083.0
2325,2325,109424,42085.0
2326,2326,46138,42087.0
2327,2327,170271,42089.0
2328,2328,830915,42091.0
2329,2329,18230,42093.0
2330,2330,305285,42095.0
2331,2331,90843,42097.0
2332,2332,46272,42099.0
2333,2333,1584064,42101.0
2334,2334,55809,42103.0
2335,2335,16526,42105.0
2336,2336,141359,42107.0
2337,2337,40372,42109.0
2338,2338,73447,42111.0
2339,2339,6066,42113.0
2340,2340,40328,42115.0
2341,2341,40591,42117.0
2342,2342,44923,42119.0
2343,2343,50668,42121.0
2344,2344,39191,42123.0
2345,2345,206865,42125.0
2346,2346,51361,42127.0
2347,2347,348899,42129.0
2348,2348,26794,42131.0
2349,2349,449058,42133.0
2350,2350,1059361,44000.0
2351,2351,48479,44001.0
2352,2352,164292,44003.0
2353,2353,82082,44005.0
2354,2354,638931,44007.0
2355,2355,125577,44009.0
2356,2356,5148714,45000.0
2357,2357,24527,45001.0
2358,2358,170872,45003.0
2359,2359,8688,45005.0
2360,2360,202558,45007.0
2361,2361,14066,45009.0
2362,2362,20866,45011.0
2363,2363,192122,45013.0
2364,2364,227907,45015.0
2365,2365,14553,45017.0
2366,2366,411406,45019.0
2367,2367,57300,45021.0
2368,2368,32244,45023.0
2369,2369,45650,45025.0
2370,2370,33745,45027.0
2371,2371,37677,45029.0
2372,2372,66618,45031.0
2373,2373,30479,45033.0
2374,2374,162809,45035.0
2375,2375,27260,45037.0
2376,2376,22347,45039.0
2377,2377,138293,45041.0
2378,2378,62680,45043.0
2379,2379,523542,45045.0
2380,2380,70811,45047.0
2381,2381,19222,45049.0
2382,2382,354081,45051.0
2383,2383,30073,45053.0
2384,2384,66551,45055.0
2385,2385,98012,45057.0
2386,2386,67493,45059.0
2387,2387,16828,45061.0
2388,2388,298750,45063.0
2389,2389,9463,45065.0
2390,2390,30657,45067.0
2391,2391,26118,45069.0
2392,2392,38440,45071.0
2393,2393,79546,45073.0
2394,2394,86175,45075.0
2395,2395,126884,45077.0
2396,2396,415759,45079.0
2397,2397,20473,45081.0
2398,2398,319785,45083.0
2399,2399,106721,45085.0
2400,2400,27316,45087.0
2401,2401,30368,45089.0
2402,2402,280979,45091.0
2403,2403,884659,46000.0
2404,2404,2751,46003.0
2405,2405,18453,46005.0
2406,2406,3365,46007.0
2407,2407,6901,46009.0
2408,2408,35077,46011.0
2409,2409,38839,46013.0
2410,2410,5297,46015.0
2411,2411,1962,46017.0
2412,2412,10429,46019.0
2413,2413,1376,46021.0
2414,2414,9292,46023.0
2415,2415,3736,46025.0
2416,2416,14070,46027.0
2417,2417,28009,46029.0
2418,2418,4086,46031.0
2419,2419,8972,46033.0
2420,2420,19775,46035.0
2421,2421,5424,46037.0
2422,2422,4351,46039.0
2423,2423,5892,46041.0
2424,2424,2921,46043.0
2425,2425,3829,46045.0
2426,2426,6713,46047.0
2427,2427,2299,46049.0
2428,2428,7052,46051.0
2429,2429,4185,46053.0
2430,2430,1899,46055.0
2431,2431,6164,46057.0
2432,2432,3191,46059.0
2433,2433,3453,46061.0
2434,2434,1298,46063.0
2435,2435,17526,46065.0
2436,2436,7291,46067.0
2437,2437,1301,46069.0
2438,2438,3344,46071.0
2439,2439,2013,46073.0
2440,2440,903,46075.0
2441,2441,4939,46077.0
2442,2442,12797,46079.0
2443,2443,25844,46081.0
2444,2444,61128,46083.0
2445,2445,3781,46085.0
2446,2446,5586,46087.0
2447,2447,2379,46089.0
2448,2448,4935,46091.0
2449,2449,28332,46093.0
2450,2450,2061,46095.0
2451,2451,2216,46097.0
2452,2452,193134,46099.0
2453,2453,6576,46101.0
2454,2454,14177,46102.0
2455,2455,113775,46103.0
2456,2456,2865,46105.0
2457,2457,2153,46107.0
2458,2458,10394,46109.0
2459,2459,2344,46111.0
2460,2460,6376,46115.0
2461,2461,3098,46117.0
2462,2462,1391,46119.0
2463,2463,10177,46121.0
2464,2464,5441,46123.0
2465,2465,8384,46125.0
2466,2466,15932,46127.0
2467,2467,5435,46129.0
2468,2468,22814,46135.0
2469,2469,2756,46137.0
2470,2470,6829174,47000.0
2471,2471,76978,47001.0
2472,2472,49713,47003.0
2473,2473,16160,47005.0
2474,2474,15064,47007.0
2475,2475,133088,47009.0
2476,2476,108110,47011.0
2477,2477,39842,47013.0
2478,2478,14678,47015.0
2479,2479,27767,47017.0
2480,2480,56391,47019.0
2481,2481,40667,47021.0
2482,2482,17297,47023.0
2483,2483,31959,47025.0
2484,2484,7615,47027.0
2485,2485,36004,47029.0
2486,2486,56520,47031.0
2487,2487,14230,47033.0
2488,2488,60520,47035.0
2489,2489,694144,47037.0
2490,2490,11663,47039.0
2491,2491,20490,47041.0
2492,2492,53948,47043.0
2493,2493,37159,47045.0
2494,2494,41133,47047.0
2495,2495,18523,47049.0
2496,2496,42208,47051.0
2497,2497,49133,47053.0
2498,2498,29464,47055.0
2499,2499,23320,47057.0
2500,2500,69069,47059.0
2501,2501,13427,47061.0
2502,2502,64934,47063.0
2503,2503,367804,47065.0
2504,2504,6620,47067.0
2505,2505,25050,47069.0
2506,2506,25652,47071.0
2507,2507,56786,47073.0
2508,2508,17304,47075.0
2509,2509,28117,47077.0
2510,2510,32345,47079.0
2511,2511,25178,47081.0
2512,2512,8201,47083.0
2513,2513,18582,47085.0
2514,2514,11786,47087.0
2515,2515,54495,47089.0
2516,2516,17788,47091.0
2517,2517,470313,47093.0
2518,2518,7016,47095.0
2519,2519,25633,47097.0
2520,2520,44142,47099.0
2521,2521,12268,47101.0
2522,2522,34366,47103.0
2523,2523,54068,47105.0
2524,2524,53794,47107.0
2525,2525,25694,47109.0
2526,2526,24602,47111.0
2527,2527,97984,47113.0
2528,2528,28907,47115.0
2529,2529,34375,47117.0
2530,2530,96387,47119.0
2531,2531,12422,47121.0
2532,2532,46545,47123.0
2533,2533,208993,47125.0
2534,2534,6488,47127.0
2535,2535,21403,47129.0
2536,2536,30069,47131.0
2537,2537,22241,47133.0
2538,2538,8076,47135.0
2539,2539,5048,47137.0
2540,2540,16832,47139.0
2541,2541,80245,47141.0
2542,2542,33167,47143.0
2543,2543,53382,47145.0
2544,2544,71813,47147.0
2545,2545,332285,47149.0
2546,2546,22068,47151.0
2547,2547,15026,47153.0
2548,2548,98250,47155.0
2549,2549,937166,47157.0
2550,2550,20157,47159.0
2551,2551,13715,47161.0
2552,2552,158348,47163.0
2553,2553,191283,47165.0
2554,2554,61599,47167.0
2555,2555,11284,47169.0
2556,2556,17883,47171.0
2557,2557,19972,47173.0
2558,2558,5872,47175.0
2559,2559,41277,47177.0
2560,2560,129375,47179.0
2561,2561,16673,47181.0
2562,2562,33328,47183.0
2563,2563,27345,47185.0
2564,2564,238412,47187.0
2565,2565,144657,47189.0
2566,2566,28995881,48000.0
2567,2567,57735,48001.0
2568,2568,18705,48003.0
2569,2569,86715,48005.0
2570,2570,23510,48007.0
2571,2571,8553,48009.0
2572,2572,1887,48011.0
2573,2573,51153,48013.0
2574,2574,30032,48015.0
2575,2575,7000,48017.0
2576,2576,23112,48019.0
2577,2577,88723,48021.0
2578,2578,3509,48023.0
2579,2579,32565,48025.0
2580,2580,362924,48027.0
2581,2581,2003554,48029.0
2582,2582,11931,48031.0
2583,2583,654,48033.0
2584,2584,18685,48035.0
2585,2585,93245,48037.0
2586,2586,374264,48039.0
2587,2587,229211,48041.0
2588,2588,9203,48043.0
2589,2589,1546,48045.0
2590,2590,7093,48047.0
2591,2591,37864,48049.0
2592,2592,18443,48051.0
2593,2593,48155,48053.0
2594,2594,43664,48055.0
2595,2595,21290,48057.0
2596,2596,13943,48059.0
2597,2597,423163,48061.0
2598,2598,13094,48063.0
2599,2599,5926,48065.0
2600,2600,30026,48067.0
2601,2601,7530,48069.0
2602,2602,43837,48071.0
2603,2603,52646,48073.0
2604,2604,7306,48075.0
2605,2605,10471,48077.0
2606,2606,2853,48079.0
2607,2607,3387,48081.0
2608,2608,8175,48083.0
2609,2609,1034730,48085.0
2610,2610,2920,48087.0
2611,2611,21493,48089.0
2612,2612,156209,48091.0
2613,2613,13635,48093.0
2614,2614,2726,48095.0
2615,2615,41257,48097.0
2616,2616,75951,48099.0
2617,2617,1398,48101.0
2618,2618,4797,48103.0
2619,2619,3464,48105.0
2620,2620,5737,48107.0
2621,2621,2171,48109.0
2622,2622,7287,48111.0
2623,2623,2635516,48113.0
2624,2624,12728,48115.0
2625,2625,18546,48117.0
2626,2626,5331,48119.0
2627,2627,887207,48121.0
2628,2628,20160,48123.0
2629,2629,2211,48125.0
2630,2630,10124,48127.0
2631,2631,3278,48129.0
2632,2632,11157,48131.0
2633,2633,18360,48133.0
2634,2634,166223,48135.0
2635,2635,1932,48137.0
2636,2636,184826,48139.0
2637,2637,839238,48141.0
2638,2638,42698,48143.0
2639,2639,17297,48145.0
2640,2640,35514,48147.0
2641,2641,25346,48149.0
2642,2642,3830,48151.0
2643,2643,5712,48153.0
2644,2644,1155,48155.0
2645,2645,811688,48157.0
2646,2646,10725,48159.0
2647,2647,19717,48161.0
2648,2648,20306,48163.0
2649,2649,21492,48165.0
2650,2650,342139,48167.0
2651,2651,6229,48169.0
2652,2652,26988,48171.0
2653,2653,1409,48173.0
2654,2654,7658,48175.0
2655,2655,20837,48177.0
2656,2656,21886,48179.0
2657,2657,136212,48181.0
2658,2658,123945,48183.0
2659,2659,28880,48185.0
2660,2660,166847,48187.0
2661,2661,33406,48189.0
2662,2662,2964,48191.0
2663,2663,8461,48193.0
2664,2664,5399,48195.0
2665,2665,3933,48197.0
2666,2666,57602,48199.0
2667,2667,4713325,48201.0
2668,2668,66553,48203.0
2669,2669,5576,48205.0
2670,2670,5658,48207.0
2671,2671,230191,48209.0
2672,2672,3819,48211.0
2673,2673,82737,48213.0
2674,2674,868707,48215.0
2675,2675,36649,48217.0
2676,2676,23021,48219.0
2677,2677,61643,48221.0
2678,2678,37084,48223.0
2679,2679,22968,48225.0
2680,2680,36664,48227.0
2681,2681,4886,48229.0
2682,2682,98594,48231.0
2683,2683,20938,48233.0
2684,2684,1536,48235.0
2685,2685,8935,48237.0
2686,2686,14760,48239.0
2687,2687,35529,48241.0
2688,2688,2274,48243.0
2689,2689,251565,48245.0
2690,2690,5200,48247.0
2691,2691,40482,48249.0
2692,2692,175817,48251.0
2693,2693,20083,48253.0
2694,2694,15601,48255.0
2695,2695,136154,48257.0
2696,2696,47431,48259.0
2697,2697,404,48261.0
2698,2698,762,48263.0
2699,2699,52600,48265.0
2700,2700,4337,48267.0
2701,2701,272,48269.0
2702,2702,3667,48271.0
2703,2703,30680,48273.0
2704,2704,3664,48275.0
2705,2705,49859,48277.0
2706,2706,12893,48279.0
2707,2707,21428,48281.0
2708,2708,7520,48283.0
2709,2709,20154,48285.0
2710,2710,17239,48287.0
2711,2711,17404,48289.0
2712,2712,88219,48291.0
2713,2713,23437,48293.0
2714,2714,3233,48295.0
2715,2715,12207,48297.0
2716,2716,21795,48299.0
2717,2717,169,48301.0
2718,2718,310569,48303.0
2719,2719,5951,48305.0
2720,2720,7984,48307.0
2721,2721,256623,48309.0
2722,2722,743,48311.0
2723,2723,14284,48313.0
2724,2724,9854,48315.0
2725,2725,5771,48317.0
2726,2726,4274,48319.0
2727,2727,36643,48321.0
2728,2728,58722,48323.0
2729,2729,51584,48325.0
2730,2730,2138,48327.0
2731,2731,176832,48329.0
2732,2732,24823,48331.0
2733,2733,4873,48333.0
2734,2734,8545,48335.0
2735,2735,19818,48337.0
2736,2736,607391,48339.0
2737,2737,20940,48341.0
2738,2738,12388,48343.0
2739,2739,1200,48345.0
2740,2740,65204,48347.0
2741,2741,50113,48349.0
2742,2742,13595,48351.0
2743,2743,14714,48353.0
2744,2744,362294,48355.0
2745,2745,9836,48357.0
2746,2746,2112,48359.0
2747,2747,83396,48361.0
2748,2748,29189,48363.0
2749,2749,23194,48365.0
2750,2750,142878,48367.0
2751,2751,9605,48369.0
2752,2752,15823,48371.0
2753,2753,51353,48373.0
2754,2754,117415,48375.0
2755,2755,6704,48377.0
2756,2756,12514,48379.0
2757,2757,137713,48381.0
2758,2758,3849,48383.0
2759,2759,3452,48385.0
2760,2760,12023,48387.0
2761,2761,15976,48389.0
2762,2762,6948,48391.0
2763,2763,854,48393.0
2764,2764,17074,48395.0
2765,2765,104915,48397.0
2766,2766,10264,48399.0
2767,2767,54406,48401.0
2768,2768,10542,48403.0
2769,2769,8237,48405.0
2770,2770,28859,48407.0
2771,2771,66730,48409.0
2772,2772,6055,48411.0
2773,2773,2793,48413.0
2774,2774,16703,48415.0
2775,2775,3265,48417.0
2776,2776,25274,48419.0
2777,2777,3022,48421.0
2778,2778,232751,48423.0
2779,2779,9128,48425.0
2780,2780,64633,48427.0
2781,2781,9366,48429.0
2782,2782,1291,48431.0
2783,2783,1350,48433.0
2784,2784,3776,48435.0
2785,2785,7397,48437.0
2786,2786,2102515,48439.0
2787,2787,138034,48441.0
2788,2788,776,48443.0
2789,2789,12337,48445.0
2790,2790,1501,48447.0
2791,2791,32750,48449.0
2792,2792,119200,48451.0
2793,2793,1273954,48453.0
2794,2794,14651,48455.0
2795,2795,21672,48457.0
2796,2796,41753,48459.0
2797,2797,3657,48461.0
2798,2798,26741,48463.0
2799,2799,49025,48465.0
2800,2800,56590,48467.0
2801,2801,92084,48469.0
2802,2802,72971,48471.0
2803,2803,55246,48473.0
2804,2804,11998,48475.0
2805,2805,35882,48477.0
2806,2806,276652,48479.0
2807,2807,41556,48481.0
2808,2808,5056,48483.0
2809,2809,132230,48485.0
2810,2810,12769,48487.0
2811,2811,21358,48489.0
2812,2812,590551,48491.0
2813,2813,51070,48493.0
2814,2814,8010,48495.0
2815,2815,69984,48497.0
2816,2816,45539,48499.0
2817,2817,8713,48501.0
2818,2818,18010,48503.0
2819,2819,14179,48505.0
2820,2820,11840,48507.0
2821,2821,3205958,49000.0
2822,2822,6710,49001.0
2823,2823,56046,49003.0
2824,2824,128289,49005.0
2825,2825,20463,49007.0
2826,2826,950,49009.0
2827,2827,355481,49011.0
2828,2828,19938,49013.0
2829,2829,10012,49015.0
2830,2830,5051,49017.0
2831,2831,9754,49019.0
2832,2832,54839,49021.0
2833,2833,12017,49023.0
2834,2834,7886,49025.0
2835,2835,13188,49027.0
2836,2836,12124,49029.0
2837,2837,1479,49031.0
2838,2838,2483,49033.0
2839,2839,1160437,49035.0
2840,2840,15308,49037.0
2841,2841,30939,49039.0
2842,2842,21620,49041.0
2843,2843,42145,49043.0
2844,2844,72259,49045.0
2845,2845,35734,49047.0
2846,2846,636235,49049.0
2847,2847,34091,49051.0
2848,2848,177556,49053.0
2849,2849,2711,49055.0
2850,2850,260213,49057.0
2851,2851,623989,50000.0
2852,2852,36777,50001.0
2853,2853,35470,50003.0
2854,2854,29993,50005.0
2855,2855,163774,50007.0
2856,2856,6163,50009.0
2857,2857,49402,50011.0
2858,2858,7235,50013.0
2859,2859,25362,50015.0
2860,2860,28892,50017.0
2861,2861,27037,50019.0
2862,2862,58191,50021.0
2863,2863,58409,50023.0
2864,2864,42222,50025.0
2865,2865,55062,50027.0
2866,2866,8535519,51000.0
2867,2867,32316,51001.0
2868,2868,109330,51003.0
2869,2869,14860,51005.0
2870,2870,13145,51007.0
2871,2871,31605,51009.0
2872,2872,15911,51011.0
2873,2873,236842,51013.0
2874,2874,75558,51015.0
2875,2875,4147,51017.0
2876,2876,78997,51019.0
2877,2877,6280,51021.0
2878,2878,33419,51023.0
2879,2879,16231,51025.0
2880,2880,21004,51027.0
2881,2881,17148,51029.0
2882,2882,54885,51031.0
2883,2883,30725,51033.0
2884,2884,29791,51035.0
2885,2885,6963,51036.0
2886,2886,11880,51037.0
2887,2887,352802,51041.0
2888,2888,14619,51043.0
2889,2889,5131,51045.0
2890,2890,52605,51047.0
2891,2891,9932,51049.0
2892,2892,14318,51051.0
2893,2893,28544,51053.0
2894,2894,10953,51057.0
2895,2895,1147532,51059.0
2896,2896,71222,51061.0
2897,2897,15749,51063.0
2898,2898,27270,51065.0
2899,2899,56042,51067.0
2900,2900,89313,51069.0
2901,2901,16720,51071.0
2902,2902,37348,51073.0
2903,2903,23753,51075.0
2904,2904,15550,51077.0
2905,2905,19819,51079.0
2906,2906,11336,51081.0
2907,2907,33911,51083.0
2908,2908,107766,51085.0
2909,2909,330818,51087.0
2910,2910,50557,51089.0
2911,2911,2190,51091.0
2912,2912,37109,51093.0
2913,2913,76523,51095.0
2914,2914,7025,51097.0
2915,2915,26836,51099.0
2916,2916,17148,51101.0
2917,2917,10603,51103.0
2918,2918,23423,51105.0
2919,2919,413538,51107.0
2920,2920,37591,51109.0
2921,2921,12196,51111.0
2922,2922,13261,51113.0
2923,2923,8834,51115.0
2924,2924,30587,51117.0
2925,2925,10582,51119.0
2926,2926,98535,51121.0
2927,2927,14930,51125.0
2928,2928,23091,51127.0
2929,2929,11710,51131.0
2930,2930,12095,51133.0
2931,2931,15232,51135.0
2932,2932,37051,51137.0
2933,2933,23902,51139.0
2934,2934,17608,51141.0
2935,2935,60354,51143.0
2936,2936,29652,51145.0
2937,2937,22802,51147.0
2938,2938,38353,51149.0
2939,2939,470335,51153.0
2940,2940,34027,51155.0
2941,2941,7370,51157.0
2942,2942,9023,51159.0
2943,2943,94186,51161.0
2944,2944,22573,51163.0
2945,2945,81948,51165.0
2946,2946,26586,51167.0
2947,2947,21566,51169.0
2948,2948,43616,51171.0
2949,2949,30104,51173.0
2950,2950,17631,51175.0
2951,2951,136215,51177.0
2952,2952,152882,51179.0
2953,2953,6422,51181.0
2954,2954,11159,51183.0
2955,2955,40595,51185.0
2956,2956,40164,51187.0
2957,2957,53740,51191.0
2958,2958,18015,51193.0
2959,2959,37383,51195.0
2960,2960,28684,51197.0
2961,2961,68280,51199.0
2962,2962,159428,51510.0
2963,2963,16762,51520.0
2964,2964,6478,51530.0
2965,2965,47266,51540.0
2966,2966,244835,51550.0
2967,2967,17370,51570.0
2968,2968,5538,51580.0
2969,2969,40044,51590.0
2970,2970,5346,51595.0
2971,2971,24019,51600.0
2972,2972,14617,51610.0
2973,2973,7967,51620.0
2974,2974,29036,51630.0
2975,2975,6347,51640.0
2976,2976,134510,51650.0
2977,2977,53016,51660.0
2978,2978,22529,51670.0
2979,2979,7446,51678.0
2980,2980,82168,51680.0
2981,2981,41085,51683.0
2982,2982,17478,51685.0
2983,2983,12554,51690.0
2984,2984,179225,51700.0
2985,2985,242742,51710.0
2986,2986,3981,51720.0
2987,2987,31346,51730.0
2988,2988,12271,51735.0
2989,2989,94398,51740.0
2990,2990,18249,51750.0
2991,2991,230436,51760.0
2992,2992,99143,51770.0
2993,2993,25301,51775.0
2994,2994,24932,51790.0
2995,2995,92108,51800.0
2996,2996,449974,51810.0
2997,2997,22630,51820.0
2998,2998,14954,51830.0
2999,2999,28078,51840.0
3000,3000,7614893,53000.0
3001,3001,19983,53001.0
3002,3002,22582,53003.0
3003,3003,204390,53005.0
3004,3004,77200,53007.0
3005,3005,77331,53009.0
3006,3006,488241,53011.0
3007,3007,3985,53013.0
3008,3008,110593,53015.0
3009,3009,43429,53017.0
3010,3010,7627,53019.0
3011,3011,95222,53021.0
3012,3012,2225,53023.0
3013,3013,97733,53025.0
3014,3014,75061,53027.0
3015,3015,85141,53029.0
3016,3016,32221,53031.0
3017,3017,2252782,53033.0
3018,3018,271473,53035.0
3019,3019,47935,53037.0
3020,3020,22425,53039.0
3021,3021,80707,53041.0
3022,3022,10939,53043.0
3023,3023,66768,53045.0
3024,3024,42243,53047.0
3025,3025,22471,53049.0
3026,3026,13724,53051.0
3027,3027,904980,53053.0
3028,3028,17582,53055.0
3029,3029,129205,53057.0
3030,3030,12083,53059.0
3031,3031,822083,53061.0
3032,3032,522798,53063.0
3033,3033,45723,53065.0
3034,3034,290536,53067.0
3035,3035,4488,53069.0
3036,3036,60760,53071.0
3037,3037,229247,53073.0
3038,3038,50104,53075.0
3039,3039,250873,53077.0
3040,3040,1792147,54000.0
3041,3041,16441,54001.0
3042,3042,119171,54003.0
3043,3043,21457,54005.0
3044,3044,13957,54007.0
3045,3045,21939,54009.0
3046,3046,91945,54011.0
3047,3047,7109,54013.0
3048,3048,8508,54015.0
3049,3049,8448,54017.0
3050,3050,42406,54019.0
3051,3051,7823,54021.0
3052,3052,11568,54023.0
3053,3053,34662,54025.0
3054,3054,23175,54027.0
3055,3055,28810,54029.0
3056,3056,13776,54031.0
3057,3057,67256,54033.0
3058,3058,28576,54035.0
3059,3059,57146,54037.0
3060,3060,178124,54039.0
3061,3061,15907,54041.0
3062,3062,20409,54043.0
3063,3063,32019,54045.0
3064,3064,17624,54047.0
3065,3065,56072,54049.0
3066,3066,30531,54051.0
3067,3067,26516,54053.0
3068,3068,58758,54055.0
3069,3069,26868,54057.0
3070,3070,23424,54059.0
3071,3071,105612,54061.0
3072,3072,13275,54063.0
3073,3073,17884,54065.0
3074,3074,24496,54067.0
3075,3075,41411,54069.0
3076,3076,6969,54071.0
3077,3077,7460,54073.0
3078,3078,8247,54075.0
3079,3079,33432,54077.0
3080,3080,56450,54079.0
3081,3081,73361,54081.0
3082,3082,28695,54083.0
3083,3083,9554,54085.0
3084,3084,13688,54087.0
3085,3085,12573,54089.0
3086,3086,16695,54091.0
3087,3087,6839,54093.0
3088,3088,8591,54095.0
3089,3089,24176,54097.0
3090,3090,39402,54099.0
3091,3091,8114,54101.0
3092,3092,15065,54103.0
3093,3093,5821,54105.0
3094,3094,83518,54107.0
3095,3095,20394,54109.0
3096,3096,5822434,55000.0
3097,3097,20220,55001.0
3098,3098,15562,55003.0
3099,3099,45244,55005.0
3100,3100,15036,55007.0
3101,3101,264542,55009.0
3102,3102,13031,55011.0
3103,3103,15414,55013.0
3104,3104,50089,55015.0
3105,3105,64658,55017.0
3106,3106,34774,55019.0
3107,3107,57532,55021.0
3108,3108,16131,55023.0
3109,3109,546695,55025.0
3110,3110,87839,55027.0
3111,3111,27668,55029.0
3112,3112,43150,55031.0
3113,3113,45368,55033.0
3114,3114,104646,55035.0
3115,3115,4295,55037.0
3116,3116,103403,55039.0
3117,3117,9004,55041.0
3118,3118,51439,55043.0
3119,3119,36960,55045.0
3120,3120,18913,55047.0
3121,3121,23678,55049.0
3122,3122,5687,55051.0
3123,3123,20643,55053.0
3124,3124,84769,55055.0
3125,3125,26687,55057.0
3126,3126,169561,55059.0
3127,3127,20434,55061.0
3128,3128,118016,55063.0
3129,3129,16665,55065.0
3130,3130,19189,55067.0
3131,3131,27593,55069.0
3132,3132,78981,55071.0
3133,3133,135692,55073.0
3134,3134,40350,55075.0
3135,3135,15574,55077.0
3136,3136,4556,55078.0
3137,3137,945726,55079.0
3138,3138,46253,55081.0
3139,3139,37930,55083.0
3140,3140,35595,55085.0
3141,3141,187885,55087.0
3142,3142,89221,55089.0
3143,3143,7287,55091.0
3144,3144,42754,55093.0
3145,3145,43783,55095.0
3146,3146,70772,55097.0
3147,3147,13351,55099.0
3148,3148,196311,55101.0
3149,3149,17252,55103.0
3150,3150,163354,55105.0
3151,3151,14178,55107.0
3152,3152,90687,55109.0
3153,3153,64442,55111.0
3154,3154,16558,55113.0
3155,3155,40899,55115.0
3156,3156,115340,55117.0
3157,3157,20343,55119.0
3158,3158,29649,55121.0
3159,3159,30822,55123.0
3160,3160,22195,55125.0
3161,3161,103868,55127.0
3162,3162,15720,55129.0
3163,3163,136034,55131.0
3164,3164,404198,55133.0
3165,3165,50990,55135.0
3166,3166,24443,55137.0
3167,3167,171907,55139.0
3168,3168,72999,55141.0
3169,3169,578759,56000.0
3170,3170,38880,56001.0
3171,3171,11790,56003.0
3172,3172,46341,56005.0
3173,3173,14800,56007.0
3174,3174,13822,56009.0
3175,3175,7584,56011.0
3176,3176,39261,56013.0
3177,3177,13211,56015.0
3178,3178,4413,56017.0
3179,3179,8445,56019.0
3180,3180,99500,56021.0
3181,3181,19830,56023.0
3182,3182,79858,56025.0
3183,3183,2356,56027.0
3184,3184,29194,56029.0
3185,3185,8393,56031.0
3186,3186,30485,56033.0
3187,3187,9831,56035.0
3188,3188,42343,56037.0
3189,3189,23464,56039.0
3190,3190,20226,56041.0
3191,3191,7805,56043.0
3192,3192,6927,56045.0
