,FIPS,POPESTIMATE2019,RBIRTH2019,RDEATH2019,PCTPOVALL_2018,Unemployment_rate_2018,Median_Household_Income_2018,Med_HH_Income_Percent_of_State_Total_2018,popdensity,pct_blk,pct_asian,pct_native,pct_white,beta,f
0,1073,658573,12.77995026,11.14262346,16.1,3.7,55013.0,110.2885,1466.5226225,0.420150012203123,0.0160182837157587,0.00205808919335968,0.531923413930334,3.582560815336164e-07,0.08817079635882591
1,1081,164542,11.12133529,6.9043687039999995,19.0,3.6,48937.0,98.1075,334.60974500000003,0.33632806098203005,0.0209810732335355,0.0016117890123820801,0.610030565431954,1.3537178161575044e-06,0.1174744619920811
2,1097,413210,13.16136271,11.06492665,20.8,4.7,43598.0,87.404,1117.4550481818198,0.37270814135863395,0.0408739752844933,0.00989584499508694,0.5552375092317651,6.400932924034894e-07,0.11327673537939915
3,4005,143476,10.58045658,6.300721331,15.9,5.5,60187.0,101.8755,16.5715651825,0.004234572926674,0.00861043826086035,0.38766517314825805,0.560239130274289,1.6607853590686315e-06,0.18326168509359134
4,4013,4485414,11.86388064,7.431071094,12.3,4.1,65234.0,110.4183,3454.24540775916,0.0522173430789061,0.0332287726441507,0.0261220075727961,0.780423026602164,0.4999949038350171,6.79627792012083e-06
5,4019,1047279,10.45285299,9.78869228,16.2,4.5,53395.0,90.379,1904.8242312903199,0.0305881484609421,0.0276387169886159,0.0567188426038413,0.771916002671077,2.1876390986935835e-07,0.12158288355885885
6,6001,1671329,11.16089015,6.557052921,9.0,3.0,101744.0,135.208,8356.67258,0.146820225490022,0.24999651022299,0.00704270609877847,0.440406743194395,1.2683716081008909e-07,0.060647820109613226
7,6013,1153526,10.47722592,7.359231265,7.8,3.2,101463.0,134.8346,2842.69445333333,0.0697659196706881,0.130718762216228,0.00396359538719236,0.6580436853669771,1.783213285419459e-07,0.046737384903924685
8,6037,10039107,11.23282723,6.778099332999999,14.2,4.7,67986.0,90.3468,9047.35010848025,0.0752112124797869,0.15521084863616902,0.0053718096038401,0.5567456548991719,1.8724318759329232e-08,0.062033354726524936
9,6059,3175692,11.46345092,6.775546254,10.5,2.9,89373.0,118.7681,6431.57858544828,0.0162926593842547,0.18677503260060999,0.004037254897549129,0.660276106766067,5.05979281056294e-08,0.019467934690588384
10,6065,2470546,11.99348702,7.38273531,12.7,4.4,66793.0,88.7615,1824.34932947,0.0572792656444996,0.0499287068653904,0.00865097175640294,0.663468338131716,1.0024873098899428e-07,0.07406990770270941
11,6067,1552058,12.41877518,8.003095635,14.3,3.8,69475.0,92.3256,4899.28483230769,0.10895043512423401,0.11819364857701199,0.00980372998958725,0.617897928097549,1.2039315004372233e-07,0.05329434884978397
12,6071,2180085,13.49992799,7.004171768,14.9,4.0,63310.0,84.1329,1790.9116825435897,0.07404248420836299,0.0504572950619606,0.00808487309317905,0.716070863992216,1.2062788254078976e-07,0.1042799137685372
13,6073,3338330,12.17081465,6.909874133,11.5,3.3,78777.0,104.687,4260.65105711067,0.0438196361735993,0.10014336317223899,0.0142137069801138,0.7369719645203149,5.5525861693068327e-08,0.048477031066510363
14,6075,881549,10.06443485,7.216930677000001,10.1,2.4,110601.0,146.9781,19891.52056,0.0539599754480283,0.318153808915922,0.00324963489498215,0.503910766149612,1.864255414284648e-07,0.017852039280620076
15,6077,762148,13.17145538,7.708767568,14.3,6.0,63567.0,84.4744,2219.67713538462,0.05614401280791599,0.111124777594235,0.0078073084670456,0.6087524692049261,2.814651244186634e-07,0.07976349954683161
16,6081,766573,10.97538258,6.757188061,6.8,2.2,122930.0,163.3621,4532.7909675,0.0175332889625099,0.21848316039254997,0.00284842020223222,0.6240669184779211,2.7164385028167637e-07,0.0654780889867635
17,6085,1927852,11.24970824,5.8328750220000005,7.3,2.6,125933.0,167.3528,5498.23589051402,0.0355126002627253,0.312288470835192,0.00408344317159811,0.505369371846859,8.68505096632369e-08,0.05285871983876583
18,8001,517421,13.17489247,6.236543462,9.2,3.5,70199.0,97.5677,3564.5129745,0.0496768772409295,0.0356242069429697,0.0128936147248904,0.803863778301925,4.7167207141296656e-07,0.08497188048914306
19,8005,656590,11.62500086,6.342160232,8.1,3.2,76665.0,106.5546,3399.15543768966,0.0782775013952856,0.0418760479814452,0.00604541638041559,0.77458825687767,3.714980677638658e-07,0.11491256811871685
20,8013,326196,8.017429997,5.946234972999999,9.7,2.8,83591.0,116.1809,1068.91208361905,0.00725554144290082,0.037458776922432,0.0036237503443941796,0.910399959878527,6.976203671941548e-07,0.11393789188760076
21,8031,727211,12.98532154,6.920793972,11.7,3.2,68069.0,94.6073,7715.79523333333,0.0778542320924492,0.0358692004701835,0.00605891854848223,0.8050460222885409,3.269027803428851e-07,0.09819273894637
22,8041,720403,13.280353400000001,6.764435682999999,9.9,3.9,67923.0,94.4044,2122.6295993548397,0.056468467547908,0.0215627550491493,0.006683079511907129,0.8189440368996009,2.979645883136981e-07,0.12711787617117656
23,8059,582881,10.01830035,7.9138033839999995,7.0,3.0,85550.0,118.9037,2484.9635482121203,0.0120280376773701,0.024201145769812,0.00847194986426145,0.911415619181744,3.757206054706931e-07,0.08822155761030365
24,8123,324492,13.63976931,5.80628712,10.5,3.0,75629.0,105.1147,646.752734228205,0.00891064424857831,0.00930135529508462,0.009496367452191259,0.904291865263546,7.731207265198517e-07,0.11802200997985765
25,9001,943332,10.17642636,7.375604235,10.0,4.0,91183.0,119.4026,3632.5262782051295,0.10501072361878999,0.0540607949289189,0.00250426746364067,0.7499978410364209,2.9235449355056447e-07,0.16145356483387469
26,9003,891720,10.22922154,9.275346074,11.2,4.2,73037.0,95.6407,2631.43173705263,0.131422964415405,0.0564043188998893,0.00200366606294205,0.7272629509662459,3.1953806940244023e-07,0.29500273614955264
27,9005,180333,7.647442921000001,10.17076707,6.9,3.8,76304.0,99.9188,259.33815931818197,0.0117533894004376,0.013340495525928002,0.0014785673235656,0.9496993594073408,1.2930165505526389e-06,0.1605255070939043
28,9007,162436,7.672775787000001,9.541785273,6.7,3.5,88709.0,116.163,506.445845454546,0.0240921304341978,0.0192320194639172,0.000705169538881575,0.934284868871843,1.5231922742508698e-06,0.2327417132246433
29,9009,854757,9.945505361,9.215249152,11.6,4.4,67720.0,88.6782,3655.0665918032796,0.150329005488876,0.0504526959847663,0.0020954719522861803,0.7211944126584909,3.4268597413488196e-07,0.16939035979988304
30,9013,150721,7.524634219,6.953982947,8.0,3.6,89584.0,117.3087,737.901165,0.0260551735958177,0.0375982431778442,0.000503844276163084,0.8996426762860541,1.5943669042424697e-06,0.17490314499772452
31,10001,180786,11.83883159,9.779420359,13.8,4.1,54980.0,83.9812,430.783325,0.20626750260953602,0.0164234700473333,0.010618940629463,0.693426260657423,1.3814402021355413e-06,0.06832813312912607
32,10003,558753,11.22992593,8.80764452,11.6,3.7,69562.0,106.2551,2700.11634791667,0.325699267838789,0.0394766399126977,0.00203570232762715,0.587676453330564,4.365368806851353e-07,0.07109365171954962
33,10005,234225,9.870280017,11.99704927,12.3,3.7,59821.0,91.3758,314.585172608696,0.10936067436603698,0.0108823312016783,0.0030956127856705197,0.843477300184727,1.1685686143406538e-06,0.060959274062696
34,11001,705749,13.49112056,8.067954432,16.1,5.6,82533.0,100.0,13266.7656124402,0.343537467033302,0.0663851988311237,0.00282516069079428,0.523193607685732,3.536629150833157e-07,0.0967093578670756
35,12011,1952778,11.19756033,8.223889651,12.6,3.4,57200.0,103.1876,5120.879925,0.23311567573248104,0.0322864776106002,0.00228227588723181,0.674938801903494,1.280729405952691e-07,0.07567843326225468
36,12071,770577,8.865300545,10.42590819,12.1,3.4,56343.0,101.6416,1511.3255246808499,0.10002773561966302,0.014884895839723997,0.00199594653572217,0.8391606531139371,2.808576430491423e-07,0.06659004767117682
37,12081,403253,8.730755729,10.86705782,10.4,3.4,59587.0,107.4937,2076.5707566666697,0.0681496092646504,0.016825196154162,0.0037453773128854,0.87875102567479,4.7568650208161963e-07,0.11931003224424845
38,12086,2716940,11.33658603,7.9859435020000005,16.0,3.9,52043.0,93.8845,7780.9767531858415,0.18715625649801898,0.0179109169296893,0.0016889558197988302,0.7492967122059109,1.0690744057700382e-07,0.07010814745320845
39,12095,1393452,12.1960712,6.407225679,15.6,3.2,58037.0,104.6976,2779.2317328205104,0.18293892717922502,0.0459486596214553,0.0021659130100848897,0.685752901833143,1.7733494535684035e-07,0.046765389426404826
40,12099,1496770,10.03273543,10.37707164,12.2,3.6,61735.0,111.3687,3097.1508281081105,0.17708398644689602,0.0240955034300845,0.0018514192226061898,0.748333267476611,1.7407423986366025e-07,0.1347615776691046
41,12103,974996,8.320097902999999,13.17519946,11.7,3.3,52226.0,94.2146,3897.9905222222205,0.0880698171716993,0.0318531529600506,0.00266022753328283,0.841528273315621,2.269973110319657e-07,0.07214036244815973
42,12115,433742,6.592478992999999,14.24766095,10.3,3.4,61652.0,111.2189,1839.64532647059,0.0483176481299012,0.0138563224562299,0.0024117386720079997,0.911716800875037,4.851398134719126e-07,0.17623806361843386
43,13015,107738,11.84404715,9.172598031,12.2,3.8,57409.0,97.9108,241.855248888889,0.081206580916736,0.0163674565778322,0.00278091559818105,0.851657459220857,1.904620010956026e-06,0.1533754176221829
44,13063,292256,14.01317045,6.3702483260000005,17.6,4.9,46059.0,78.5534,2136.21738461538,0.638157843624105,0.0486335926730794,0.0030998701075560303,0.237653288703043,8.120602496309784e-07,0.07521133720874165
45,13067,760141,12.07615563,6.224727297,9.1,3.4,78603.0,134.057,2402.9994137931,0.272543503532585,0.0572728340759932,0.00223803905772139,0.580302737413276,3.005862927754519e-07,0.100058480955241
46,13089,759297,14.2979508,6.641117472,14.3,4.0,63477.0,108.2597,3282.8222272727303,0.426650315202156,0.0750837538564557,0.00548419739408535,0.436824386304661,3.161302014004143e-07,0.04316440857137865
47,13095,87956,14.16830364,10.73630021,29.5,5.1,38806.0,66.1834,516.723823,0.7082332323700191,0.00646531257385784,0.0012252222156703,0.255899645544628,2.9494549952707903e-06,0.16667064021120814
48,13121,1063937,11.93149889,7.017749666,13.5,4.0,70808.0,120.7627,3576.0502560526293,0.484156784799675,0.0543255081057849,0.00323941923432626,0.41761298186152,2.121018159842869e-07,0.07123023191580807
49,13135,936250,12.20012803,5.07515882,9.2,3.5,72008.0,122.8093,2453.62253571429,0.254007280398758,0.118120831738243,0.00343279917079984,0.504820340484329,2.453195467861861e-07,0.06084286563230669
50,13205,21863,11.13686986,10.72776035,29.3,5.4,36788.0,62.7418,44.5936666666667,0.370199547314664,0.00872087009876653,0.00149955171966745,0.580615048816965,1.1697729500435445e-05,0.2082909340592376
51,13261,29524,12.71072151,11.42953473,25.7,5.9,37562.0,64.0618,53.116776666666695,0.413769301129378,0.00681238805410732,0.00126175729892114,0.551930997409185,8.232196588947695e-06,0.13274322512142414
52,17031,5150233,11.97846233,8.221508743,13.8,4.0,63347.0,97.3626,8295.05313225807,0.191263546271262,0.100792441833396,0.00211127059729044,0.619315531563753,3.705812774756253e-08,0.05835318610211605
53,17043,922921,10.98062446,7.129082332,6.6,3.1,93540.0,143.7683,3212.08105769231,0.0443761275532618,0.10951975769649198,0.0025507007361288197,0.7883906839107572,2.9062872613562944e-07,0.1213928282340322
54,17089,532403,11.73385609,6.504413105,8.6,4.9,79834.0,122.7026,2282.40292464286,0.0434083248045317,0.0433990193940593,0.0039068978867582,0.7690621246065991,4.393434747550315e-07,0.06700254856160591
55,17091,109862,11.28221459,10.618019699999998,16.2,5.4,53884.0,82.8182,391.661387333333,0.101059674832815,0.00572185461760728,0.004478651418845661,0.8617703162083191,2.0923304737245195e-06,0.1499015146497513
56,17097,696535,10.40166977,6.847539112000001,8.0,4.5,87336.0,134.233,2505.07025333333,0.0884911384431966,0.0588931213063796,0.00147588353010033,0.782293854023998,3.7259200619618157e-07,0.08440066220266358
57,17163,259686,11.87994918,10.45205222,14.8,5.0,58222.0,89.4856,785.075967,0.31187139578879197,0.00863712733749414,0.0023375306140544,0.6411880904009589,8.528260816297871e-07,0.10864457617992396
58,18003,379299,13.66688848,8.383065254,13.5,3.2,54473.0,97.7533,1813.96871735849,0.134399145497894,0.0240156699321504,0.00320314977233189,0.766209769859263,6.582054791952785e-07,0.15964062327361078
59,18031,26559,12.01111028,10.24697846,11.7,3.0,57441.0,103.0794,342.92259166666696,0.00923586168127779,0.00672822551383639,0.00125019534302235,0.965767509481491,9.121657586902738e-06,0.2682311274338484
60,18057,338011,11.46752613,5.65894883,4.2,2.7,101740.0,182.5751,1160.937193125,0.0266973787813849,0.0390644394765742,0.00139105479721854,0.9084118202969471,7.083564105887026e-07,0.14907800675396732
61,18063,170311,10.26632544,6.755254004,5.9,2.9,80834.0,145.0588,995.509064166667,0.0507445628054283,0.0158722574330679,0.0019128996871909801,0.9089925904345841,1.2498430518289048e-06,0.07752666998987147
62,18081,158167,11.51912429,8.267040031,7.7,2.9,69880.0,125.4015,724.620266666667,0.014895196013489998,0.0140342423830954,0.00175748928854702,0.948930568229668,1.382201393121693e-06,0.17055118148226894
63,18089,485493,11.21314565,10.36978843,15.7,4.9,55280.0,99.2014,1858.66656125,0.30160299063879603,0.0105019735430619,0.00305775227086043,0.5739034060385569,5.556112636093774e-07,0.10554331003063057
64,18097,964582,14.76954498,8.51669178,17.2,3.5,48409.0,86.8712,2868.0255586206895,0.25595322099891604,0.0237778582008958,0.00285003070105114,0.642600234895754,2.6065666443386867e-07,0.1168805724364649
65,19113,226706,12.08480581,7.960766372999999,9.4,2.8,64878.0,108.0022,894.477472333333,0.043968113473772004,0.0163654571435233,0.0009291098608067289,0.904115953675841,1.1503650802338162e-06,0.14011836928751242
66,19153,490161,13.83205225,7.336110672999999,9.9,2.5,68479.0,113.9968,2287.11763611111,0.0888413427657526,0.0675339790059267,0.00283960754403618,0.790997003623324,4.932453586320655e-07,0.06945073818565281
67,20091,602401,11.8697773,6.7803499789999995,5.5,2.9,87087.0,149.7627,2432.7396865116298,0.0512282314407361,0.0421307236428421,0.0028592390216675397,0.8669870910543279,3.365013283967697e-07,0.13130259764414162
68,20209,165429,14.97808012,8.604686318999999,18.4,4.8,47084.0,80.9699,1910.07672857143,0.19126575278304503,0.0367869976731826,0.00518450332892251,0.623835326715143,1.3530934619663878e-06,0.15733260779035954
69,21111,766757,12.51320969,10.09083577,15.4,4.1,55860.0,111.2993,2794.03289253731,0.213347321425278,0.0204793444192311,0.00148264734671485,0.7315669653964929,2.950321365722049e-07,0.13274705790464295
70,22005,126604,13.38572031,7.372883377999999,10.8,4.1,77758.0,161.925,492.39536,0.28580907573587,0.00687629862585012,0.000526188293218297,0.665665255605515,1.8803898480418149e-06,0.12568785444890668
71,22017,240204,12.55390374,11.34074615,22.4,5.5,40467.0,84.2694,1338.06684091304,0.569604580031598,0.00755872955648015,0.00358356821137798,0.396495952995546,1.0083602971782844e-06,0.130954050701946
72,22019,203436,14.24942144,10.08329788,14.9,3.8,50531.0,105.2269,536.360416,0.214469973800372,0.0096080532771999,0.00431255615434205,0.7467644633145779,1.1739521838754723e-06,0.13917995644726755
73,22033,440059,13.01187938,8.846898994,16.7,4.3,52945.0,110.2538,1662.20716590909,0.43314290528562205,0.0242178719600127,0.00145898509325555,0.518788285438041,6.184314911592202e-07,0.16155351454179212
74,22047,32511,10.76621066,9.600637998,23.8,6.2,47917.0,99.7834,94.6827833333333,0.485091075138324,0.00125401706484921,0.00116323656029351,0.505285437586758,7.443570836015077e-06,0.13058639536091068
75,22051,432493,12.87430299,10.0302755,15.6,4.4,50871.0,105.9349,4154.29497878788,0.229479916112323,0.0351947853758052,0.00477450969063017,0.684654825775336,6.191905259750797e-07,0.12410875515141236
76,22057,97614,11.73854137,9.274265702000001,16.6,4.7,52651.0,109.6416,149.724742538462,0.104583436343164,0.00800186132757312,0.0211130824600933,0.8172856091602341,2.386477994734365e-06,0.11726855646741455
77,22089,53100,10.7863046,8.425029516,12.8,4.4,67585.0,140.7405,543.11707,0.27907755086205,0.00834237433708418,0.00129753727423071,0.689253054951167,4.267176239243116e-06,0.11721371367822166
78,22095,42837,12.42496161,9.795709432999999,18.2,5.7,50830.0,105.8495,358.56126,0.6037352108576229,0.00347866874889756,0.0006570302233902769,0.374971989875104,5.558348236422607e-06,0.16788863934818488
79,22097,82124,13.47434296,12.33429954,32.7,6.2,36624.0,76.2666,123.404855,0.41070123993165597,0.00174055879480464,0.00034391149975126296,0.566114897331629,2.6319104942562413e-06,0.3636485345338473
80,22103,260419,10.8862117,9.347020179,11.8,4.2,67054.0,139.6347,555.8799195,0.0979772434021656,0.011436239625803998,0.00433557265197984,0.86072890041461,9.379488165248735e-07,0.16978811399475818
81,22109,110461,13.31083276,10.15233007,17.3,5.0,51665.0,107.5883,224.279996666667,0.14492985077203197,0.00439473623629784,0.0811163130963932,0.7448316573563059,1.9696274575804303e-06,0.12528383111589925
82,23005,295003,9.227486767,9.20030713,8.2,2.7,71586.0,128.8004,1169.7183044898,0.0209561599296155,0.0148283078785017,0.00195614973794127,0.9382458256765659,7.497693831699729e-07,0.09155916275841257
83,24003,579234,11.74619422,8.072694082,7.0,3.3,97051.0,116.8219,1685.46025581395,0.139650775933089,0.0272031950320944,0.0017699482923731,0.780487470252247,4.322672389490247e-07,0.09236078780263224
84,24005,827370,11.59718686,10.39251971,9.9,4.0,75836.0,91.2851,1896.78528148148,0.19152105968070998,0.0734040844012604,0.0017792346865346399,0.7085133018590799,3.0778935398295496e-07,0.07376634076013107
85,24013,168447,9.877819158,9.592710728,6.0,3.2,95956.0,115.5039,317.991354,0.0290238491061257,0.0150085212553543,0.0013369974684256801,0.934956985602943,1.31481279085637e-06,0.20713711772281546
86,24017,163257,11.37549926,7.168966505,6.6,3.9,92616.0,111.4835,588.253976666667,0.255721881106528,0.0180904516866013,0.0104130804532631,0.6554304090992379,1.372290376694383e-06,0.122091948884704
87,24021,259547,11.13335536,7.226573889,6.2,3.5,95196.0,114.5891,646.412997,0.04347629394187601,0.0255277757690105,0.00117131833169935,0.896564342811844,9.526034229024714e-07,0.10128913892642286
88,24031,1050688,11.66177425,6.044305215,6.9,3.2,107758.0,129.7101,4076.7849533333297,0.150484928616445,0.125049475647149,0.00231696980021544,0.6222373042010729,2.3042053349243213e-07,0.09317890918975616
89,24033,909327,13.20325067,7.5340334460000005,8.3,4.1,82445.0,99.2405,3400.3309661194,0.643131615419211,0.0404204321783504,0.00469320399361603,0.206514576547863,2.902252445759532e-07,0.0779268207483427
90,24510,593490,12.63448705,11.49395493,18.9,5.7,50501.0,60.7889,10812.5255861111,0.559067868335985,0.0349406238853216,0.0025766803994184398,0.361663017577084,4.4530719464101886e-07,0.09874129492699624
91,25003,124944,7.91723973,11.64065459,11.3,4.0,58375.0,73.136,191.889111216216,0.0154663968820773,0.00905288832243715,0.0020196965191420302,0.944282827392816,-1.4756057908346328e-05,336.9512168910266
92,25005,565217,10.0964395,9.540347238999999,10.8,4.3,66005.0,82.6954,2330.32424285714,0.0314413743417834,0.0181892923115797,0.0011045151602133698,0.88296375402758,4.81669049180832e-07,0.1113401747954341
93,25009,789034,10.91162472,8.807919265,10.7,3.4,76373.0,95.6851,3038.2469517857103,0.0345057049099178,0.0338860824896324,0.0018752147919277602,0.8328316818424091,3.5092341118210664e-07,0.11577787909849865
94,25011,70180,7.472068527,9.986433792,10.6,3.0,58992.0,73.9091,183.0705511,0.00907431635493418,0.0120464421567046,0.0025893571085503,0.9519271283637741,3.1611454146441845e-06,0.2606316726651832
95,25013,466372,10.63802473,9.705164962000001,16.7,4.6,52682.0,66.0035,2593.70443647059,0.0876951116809505,0.0173736657922487,0.0024062338089075198,0.7950973522707979,5.996214283185892e-07,0.23783162753572265
96,25015,160830,6.062695477,8.112582267,11.1,3.0,74456.0,93.2834,915.930058888889,0.0217572697220292,0.0314024579684847,0.0026621524666189896,0.919961656863143,1.5187198638744263e-06,0.10333881895538508
97,25017,1611699,10.40628613,7.397748378999999,7.3,2.7,100374.0,125.7552,4750.75851028038,0.0397454549994637,0.0999530299075696,0.0013652398609559,0.8097403171329141,1.6614109776098767e-07,0.12493367265191099
98,25021,706775,10.13897114,8.34465126,6.5,3.0,100184.0,125.5171,3136.5978600000003,0.0558813623835799,0.0872804579125854,0.000924061675639975,0.8231329915698481,3.3908476763770053e-07,0.15369483560540342
99,25023,521202,9.951674836,9.151385501,6.2,3.5,89678.0,112.3545,1116.524435,0.0464384150382897,0.0109502217235072,0.00131171316412694,0.899620330805111,5.510400753809387e-07,0.1340234132663103
100,25025,803907,11.47316767,6.483914044,17.5,3.0,68743.0,86.1258,22319.8587058824,0.13365220246119502,0.160413285026239,0.00223083313649512,0.61204499932676,2.3620160706251002e-07,0.04827433768103684
101,25027,830622,10.2610389,8.851125159,9.0,3.5,71767.0,89.9144,1383.49636663366,0.0410052666437391,0.0311103671572151,0.00194836093520389,0.8774051189524391,3.1028958835892825e-07,0.09742290847281043
102,26049,405813,11.32306299,11.21721696,18.8,4.9,48370.0,85.399,1194.91232666667,0.23929962767649102,0.0064695293465024,0.00350333962625788,0.7174868664638578,6.833443388241208e-07,0.27433905025191857
103,26081,656955,13.18319017,7.350960272999999,11.3,3.0,61675.0,108.8895,2271.38093958333,0.0960933776362402,0.0273367787257992,0.00388457197420844,0.8130021411639309,3.651197174619766e-07,0.05392549486229017
104,26087,87607,8.57982772,10.16362062,10.1,5.2,65209.0,115.1289,152.542520833333,0.0169421931898246,0.00258571734471437,0.00285901264806848,0.9550620457794058,2.699654009540964e-06,0.28171429402070514
105,26099,873972,10.45588794,9.787224055,11.0,4.0,62191.0,109.8005,2928.351125,0.0953808648313093,0.0323427186165832,0.0024096345076734,0.8430118028916981,3.213814033470293e-07,0.2580388043874087
106,26125,1257584,10.37435001,8.732526793,8.2,3.3,80319.0,141.8061,2298.6053159090898,0.13232909808638602,0.0624336423918803,0.00248609571458324,0.7691310858621759,2.1816008298173474e-07,0.21652693793924396
107,26145,190539,11.47562479,11.21338473,17.0,4.8,48805.0,86.167,651.417973043478,0.157860847814479,0.00848368063977455,0.00264236269093303,0.792082023871603,1.3681862687619957e-06,0.1863663872159579
108,26161,367601,9.423620646,6.642390827000001,15.0,3.0,72267.0,127.59,1405.8452442105302,0.0817596815234032,0.0770178319098377,0.00255077514313937,0.7961581705892901,6.446069235764454e-07,0.10030218401587616
109,26163,1749343,12.995048800000001,10.49433243,21.7,5.2,46440.0,81.9915,4039.35648636364,0.395950169530248,0.0334673393722759,0.0036915693831170203,0.522186197223074,1.6804443811682376e-07,0.262448280908255
110,27053,1265843,12.68579362,6.934076349,10.3,2.5,76067.0,108.2111,3948.41851650485,0.0902870838615556,0.0564027523323241,0.00554257265416301,0.800255060948437,1.9365098099061387e-07,0.250503008779607
111,27123,550321,13.81195113,7.703833631,14.6,2.7,62937.0,89.5327,5663.00213333333,0.115466054739219,0.120441409877115,0.00777294355487269,0.695647463542613,3.4913725697158534e-07,0.09388033601724434
112,29183,402022,10.71176146,7.462518825,5.7,2.5,82048.0,150.7903,851.4554652941181,0.0335311928878828,0.0152810831974464,0.0025394619155488,0.927279933867283,6.066326842328001e-07,0.11813706965086546
113,29189,994205,11.14795036,10.31856457,10.5,3.0,66992.0,123.1199,2601.12166603774,0.23569936928727303,0.042722292220437004,0.00156262043125889,0.689821230562708,2.439601571064137e-07,0.09705987415663662
114,29510,300576,13.03984305,10.19544864,22.8,3.8,43263.0,79.51,5502.491,0.529417195243995,0.0378699439940804,0.0010319264696794,0.40691095062643,8.702466078562109e-07,0.11843192274494667
115,31079,61353,15.54154877,8.529097595,13.0,3.2,53792.0,90.0676,142.248395714286,0.0108805884242613,0.00707774503262975,0.0065287087924898604,0.9374625971694459,4.982264680179377e-06,0.0665861598640795
116,32003,2266715,12.04051789,7.976709557,14.0,4.8,57155.0,97.3017,3668.7187927672294,0.10877915006954901,0.0782126534328026,0.0104799022074575,0.645424637770231,1.0653602765787867e-07,0.09805359433733606
117,32031,471519,11.238704400000001,8.616553742,10.4,3.6,63636.0,108.335,2143.61957205051,0.0202345588710161,0.0426199199726292,0.0504265020645979,0.8008359867235378,4.4577070794926244e-07,0.05393834469596191
118,33011,417025,9.975290235,8.152418972000001,7.4,2.6,78714.0,104.5033,1245.46946342105,0.0165013989510608,0.0222605358583709,0.0021004622489002303,0.931733999222266,5.846113642939658e-07,0.07649496494504834
119,33015,309769,8.617342118,8.151364925,5.3,2.8,93645.0,124.3262,523.07450952381,0.00544734235172679,0.0156258416265623,0.0009831916474303392,0.9593910320511719,6.796947067249889e-07,0.04213404960593265
120,34001,263670,10.30210799,10.58638249,12.8,5.9,60826.0,74.3803,1192.7119623333301,0.11433774500945698,0.0502426533172322,0.00122246771250061,0.7644664389825658,9.637831689307684e-07,0.0934761861191205
121,34003,932202,9.815454864,7.772579138999999,6.8,3.4,100181.0,122.5051,5748.731846428571,0.0424016369592312,0.155932346686034,0.00163243358867395,0.734384217188825,2.874387284046052e-07,0.15242791285827045
122,34005,445349,9.73605035,9.037247751,6.2,3.8,84470.0,103.2931,1459.90161235294,0.13315054050330302,0.0380316429480137,0.00105450667759222,0.755143837863873,5.59889783773055e-07,0.09116386987307792
123,34007,506471,11.69601036,9.36194245,12.9,4.6,67135.0,82.0952,3995.4417729729707,0.16403721860873,0.0418956947736362,0.0017937079235498898,0.6682148791454351,4.76263991456168e-07,0.07861537116644403
124,34013,798975,12.72577611,8.083653356000001,14.9,5.2,62875.0,76.8859,9832.90187333333,0.38467964697078705,0.0541412611120761,0.0103033195054034,0.43864867773864596,3.7434703361658037e-07,0.21797876947344397
125,34015,291636,9.743449922,9.239300982,7.6,4.2,81315.0,99.435,1386.99445384615,0.0822434523748914,0.0222437019989229,0.0007249497865784861,0.8504556747425799,8.877884175531374e-07,0.07459033785223915
126,34017,672391,14.90565504,6.502906297999999,14.3,3.9,73337.0,89.6792,21231.602545454498,0.097111864085357,0.19602955934401398,0.0033988920886407104,0.541048089732865,4.267060570072014e-07,0.12393170404490808
127,34019,124371,7.801651831,8.09862829,4.4,3.3,112335.0,137.3675,366.545856896552,0.0174876071994952,0.0280676640841895,0.00042339379362458997,0.9340536530965501,1.9014786395810096e-06,0.08713107715998668
128,34023,825062,10.788295300000001,7.611277384,8.2,3.6,87666.0,107.2013,4124.58354444444,0.0979253704678075,0.222994690370009,0.0017564823484678,0.6163835606913121,3.509727684064064e-07,0.11515381447388198
129,34025,618795,9.108705721,9.468599657999999,6.7,3.7,99223.0,121.3336,2163.30515789474,0.0488919779501876,0.040590111621329,0.0011560137140221199,0.8742710910633199,4.2954144677267465e-07,0.12046344315092965
130,34027,491845,9.275927364,7.832147952000001,4.7,3.3,112396.0,137.4421,1501.5995583333302,0.025541339239290004,0.0815346096549595,0.000852420518840507,0.840950783737323,5.60154193138881e-07,0.17525687180281502
131,34029,607186,14.1561261,11.73361662,9.7,4.3,68483.0,83.7436,1728.300028125,0.021839142812197,0.014003987912523,0.00125492433431655,0.9353131935263901,4.685511665418004e-07,0.14296311120543606
132,34031,501826,13.1381908,7.500430344,13.6,5.1,71959.0,87.9942,9515.26612702703,0.12872616464519301,0.0473575480985297,0.0034757093796199,0.635166062308639,5.544121636869411e-07,0.09598610609323888
133,34037,140488,8.581921085,9.00141847,5.2,4.0,92284.0,112.8484,406.239152192593,0.031530240530823,0.018435295362697,0.00037290981093167797,0.9250583674622801,1.863379337403555e-06,0.2444078722663701
134,34039,556341,12.11061314,7.539926111000001,7.8,4.3,80737.0,98.7282,7159.31666666667,0.195252114833498,0.0492108669075027,0.00208827674156218,0.609829738448184,5.09326315670455e-07,0.12244426998558933
135,34041,105267,8.79527503,9.193766456,6.7,3.8,77571.0,94.8567,415.4208025,0.0245921559984304,0.0181757734879386,0.0011648553111026,0.9409448926553579,2.3871840525727484e-06,0.18020356375630173
136,35001,679121,10.50727441,8.766868928,16.5,4.5,51372.0,108.3683,2485.82516595745,0.028168289668406,0.0221618973754501,0.0619969645767567,0.7171354332835319,3.315281403082553e-07,0.08325570921403604
137,35045,123958,11.30455349,8.89131193,23.1,5.8,46578.0,98.2555,124.993999505882,0.00271522678950684,0.00427781893403932,0.525141282253668,0.41825901064013304,2.1075574846249188e-06,0.15769527457774718
138,36001,305506,9.880883725,9.0705467,11.3,3.7,64536.0,95.3997,2168.9644289795897,0.14167966401266902,0.0466962986583475,0.0016844428526343802,0.7680135829200571,7.725721391770861e-07,0.08956076534735873
139,36027,294218,8.786769519,9.40225144,9.2,3.7,79604.0,117.6738,481.533883783784,0.061621599891747,0.0261424509111022,0.00333868833750353,0.8582523150334409,8.874800852587498e-07,0.05241677980007151
140,36029,918702,10.61346733,10.62325835,13.7,4.4,56375.0,83.3358,2395.18398523256,0.137848310628526,0.0233384615639169,0.0142572664412873,0.7812297795569091,3.0038887528136613e-07,0.16638650822318002
141,36055,741770,10.4564492,9.016363628999999,14.4,4.3,60240.0,89.0492,3227.1623016393396,0.200083517241622,0.0370190827420129,0.0037335070160883,0.7100371683835809,3.226853986455949e-07,0.12799639408486815
142,36059,1356924,10.31587153,8.334628865,5.8,3.5,115301.0,170.4426,5668.200364285711,0.0810573513404464,0.095672738491051,0.0018757378473166601,0.740914831590268,2.138165166078429e-07,0.1417476221390917
143,36067,460528,10.73980375,9.139243334,13.7,4.0,59786.0,88.3781,2250.09145857143,0.111984933011294,0.0321376205427459,0.00570842661649656,0.8076563817810991,5.290823061254874e-07,0.08732791145788824
144,36079,98320,8.116306675,7.953980541,6.0,3.7,100887.0,149.1352,619.1150555555561,0.0291079182071994,0.0222983702100092,0.00581977098471002,0.8957889053287591,2.4894876273194485e-06,0.1004039441316784
145,36087,325789,16.48981823,7.544782754,13.9,3.7,88960.0,131.5043,2342.40855,0.0933318412916,0.0684134205358514,0.0044055639661322,0.735415812849104,8.308800669818668e-07,0.06847524016315995
146,36093,155299,11.54721018,9.575420937999999,11.3,4.0,63297.0,93.5682,2166.870775,0.0954958847079119,0.0337292194678328,0.0017524568711425302,0.8147354777517409,1.413225233544167e-06,0.09389669950037476
147,36103,1476601,10.23117699,8.89014824,7.3,3.9,100075.0,147.9349,1944.60004982143,0.0503443748982124,0.0311643248811178,0.00200989683234822,0.875027541151967,2.0426626150475774e-07,0.09259184444652448
148,36119,967506,10.52115519,7.833781659,8.3,3.9,94521.0,139.7248,4599.46552125,0.103988667893827,0.0526352346508049,0.00336662362236484,0.739954503192323,2.911962776769357e-07,0.0901598626090092
149,39035,1235072,11.32272013,10.92300922,17.9,5.2,50006.0,89.05,3662.8612295082003,0.335710821955176,0.0379822086417047,0.0031984131756928303,0.5839589050438979,1.9522215649875006e-07,0.09824590847982892
150,39049,1316756,14.11417384,7.641208419,15.5,3.8,60383.0,107.5292,3076.1501308474603,0.21541644376226002,0.0379731340587629,0.00206012124172744,0.690745559366563,1.9911420084508464e-07,0.06381573561037399
151,39061,817473,13.06985409,9.636736199,15.4,4.1,57300.0,102.039,3142.1913986486497,0.32439407386004904,0.019898194935805,0.00131935862002505,0.6194947828622559,3.275183252855577e-07,0.12961599492989945
152,39093,309833,10.26038763,9.995394944,14.2,5.4,59265.0,105.5382,1147.3715375,0.070499307305548,0.0090961599629489,0.00250938951243784,0.875541420193741,7.129324172305041e-07,0.1001353642361286
153,39095,428348,12.35022612,10.63219731,18.7,5.3,47865.0,85.2373,2626.58478780488,0.311255253068416,0.0116546112633531,0.00443645279770047,0.6122284463263199,5.850981080738547e-07,0.1518219920685887
154,39099,228683,10.28611113,12.8150531,16.5,5.9,48010.0,85.4955,1226.0879090625,0.18134211949278697,0.00601710315920719,0.0021696864900703897,0.7767295180787399,1.0896011640770356e-06,0.1946071585321203
155,39109,106987,10.82481728,9.857812786,7.9,3.9,59922.0,106.7082,239.189393846154,0.00828349341471124,0.00640822613811327,0.000374146757212639,0.969032959314476,1.944190499605609e-06,0.30214381095579
156,39133,162466,8.345437088999999,8.997809015,11.3,4.6,63689.0,113.4164,466.29838125,0.0280977271910835,0.0127783663636215,0.0011268003456387,0.9390288062176592,1.4546023013588713e-06,0.3126084440897057
157,39151,370606,10.74335381,11.03182028,14.4,4.9,52310.0,93.1529,1585.4644247368399,0.081425658122259,0.006495399756783321,0.000955551733775336,0.8786798699787679,5.556855839542353e-07,0.1894578337549497
158,39153,541013,10.79117415,10.59530695,12.0,4.7,58890.0,104.8704,2561.4939191489398,0.194269316753082,0.029275661790811,0.0011768533511446301,0.737684645634007,4.2101873732069977e-07,0.14103684079189222
159,39155,197974,10.28465649,12.49391571,17.6,6.2,47424.0,84.452,477.145867857143,0.0452746212906365,0.0028464518112119802,0.00142603384393738,0.9343991821545021,1.0474224579194491e-06,0.14307742779214289
160,39169,115710,12.49244061,9.935205183999999,9.4,3.6,59142.0,105.3192,257.14002133333304,0.00804502500322943,0.00407620901525098,0.0009181319314252231,0.971131261057726,1.982006570408718e-06,0.37393892666436895
161,40027,284014,9.678332567,7.448954315,11.9,2.9,62343.0,120.089,1143.56191285714,0.0424612885173714,0.0291002932666466,0.0392636193191453,0.804877097591924,7.914842787459361e-07,0.12451457033026755
162,40109,797434,14.08414341,9.032592015,16.9,3.3,52346.0,100.8321,2454.53127975309,0.188300999774977,0.0323416891952358,0.0310925437261765,0.645412280792646,2.907091740753029e-07,0.07751640135013806
163,40143,651552,13.48793713,9.462491389,14.1,3.3,55796.0,107.4778,2425.16217278689,0.135946559956063,0.0248857361429544,0.0512490910909498,0.664807902255797,3.118321204194533e-07,0.09069395317887363
164,41051,812855,10.28159714,7.460261775,12.0,3.7,70756.0,112.0124,5225.43502673469,0.0542187959282608,0.0562187712523673,0.007687524542703791,0.7995398208460259,2.7026610746580296e-07,0.10224164375154912
165,42007,163929,9.168642755,12.60840581,11.2,4.5,54823.0,90.0347,560.885403,0.0377927580725507,0.00520627614134259,0.00032907048812224704,0.935405686115362,1.4030382824131858e-06,0.2697142935666317
166,42017,628270,9.066287074,9.730256464,5.7,3.7,88538.0,145.4041,1301.53782348485,0.023540182354792,0.0310792573245054,0.00126237411507279,0.922746677138876,4.0749753838514316e-07,0.1384642497734324
167,42029,524989,10.10815844,8.010887472,6.7,3.2,99224.0,162.9535,908.666293442623,0.0482162836001661,0.0428186638206447,0.00114251943577128,0.874339165844951,4.672478122626233e-07,0.14189775141405658
168,42043,278299,12.07573271,9.283759905,13.2,4.0,57979.0,95.2177,2269.50701875,0.18674379113751396,0.0337029686685712,0.00210324874524001,0.7300583071605841,9.42431049538616e-07,0.08526599225893512
169,42045,566747,11.51259123,9.724570619,8.8,4.0,71961.0,118.18,4086.56100865385,0.151649203496668,0.0415510605946881,0.0014684051454581198,0.7768676731959009,4.289920981730791e-07,0.1020787667246586
170,42071,545724,13.08992533,9.470557304,7.9,3.4,66270.0,108.8338,1173.03853098592,0.0210458693897732,0.0182083770571298,0.00103968968633625,0.932319444839237,5.118716312887447e-07,0.23554780452223226
171,42077,369318,11.58501621,9.074432306,12.0,4.6,62139.0,102.0496,2521.20033,0.0447951952563629,0.0233811772645271,0.00142819290148985,0.852612637205989,7.392413940749117e-07,0.05526711940456517
172,42079,317417,10.20343914,12.44498454,14.3,5.4,53469.0,87.811,1337.4652476363601,0.0357405304686266,0.0108022538486087,0.00218189069226833,0.919680098789318,8.391045773209458e-07,0.08146876618891627
173,42089,170271,9.099877785,9.529839648,12.3,5.4,63318.0,103.9858,290.139610571429,0.115906948957208,0.0137187340261721,0.0030009191225998802,0.8243567569687271,1.3422218845939569e-06,0.08200115239960823
174,42091,830915,10.37736475,9.447238242000001,5.9,3.4,90155.0,148.0596,1909.76760375,0.0594385601676358,0.0612102468951,0.000957584139251463,0.852703376441552,3.001769210872073e-07,0.14464410584738902
175,42095,305285,9.074377428,9.792588001,10.2,4.4,68217.0,112.0313,1026.49895357143,0.0365292280291879,0.0218994685742762,0.0026262552049900897,0.9028156526237109,8.242773684263555e-07,0.07332246797795443
176,42101,1584064,13.21103049,9.824930485,24.3,5.5,46149.0,75.7895,15823.8836962025,0.34684147385825104,0.0885840544762453,0.0028300042883554802,0.5006545583141561,1.8252901853338548e-07,0.10021425973066588
177,42129,348899,8.20466771,12.68306075,9.2,4.4,58398.0,95.9058,998.097805802469,0.0193880133222263,0.00371333806385611,0.000731888769699544,0.959483889913467,6.807703582608451e-07,0.14992548910736378
178,44007,638931,11.06997188,8.696715375,16.1,4.4,56141.0,88.0132,4193.77470377778,0.0666102389237424,0.0314875186098858,0.0048062646174263,0.811161047613261,5.634414336625905e-07,0.06450431298018318
179,45045,523542,12.15223428,8.66145297,11.1,2.9,61162.0,116.6123,1653.719919375,0.189347605960965,0.0169352194934729,0.00190727980938407,0.758325739263784,4.5160981600594064e-07,0.07501114077820284
180,45079,415759,11.15956051,7.788317763999999,16.7,3.4,52611.0,100.3089,1670.11960290323,0.41047460755106,0.0252050103890522,0.00147168455135663,0.522004453641951,6.050232970184821e-07,0.06176108937874966
181,47037,694144,14.42231306,8.038074329,15.4,2.6,60799.0,116.104,2392.20938913044,0.254532857071134,0.0291038009260602,0.00246527177187374,0.668307670314231,3.4962699064092074e-07,0.020636853094343426
182,47157,937166,13.76438394,9.056695619,21.7,4.2,47924.0,91.5174,2556.86609577465,0.500272551598788,0.028438664118607,0.00227253623787033,0.43139868848373497,2.573626945254529e-07,0.04007796237209872
183,47165,191283,11.47389069,8.981632799,8.9,2.8,66171.0,126.3625,365.80295444444505,0.0409508288181875,0.0070967745766633205,0.00169861649330728,0.92745528030515,1.2923468694664606e-06,0.12305852591929207
184,48029,2003554,13.41919086,7.135219077,17.2,3.3,54210.0,89.4082,2548.32786532609,0.07356084935210001,0.0217769266493088,0.00554164023646875,0.78767513940724,8.756300905501464e-08,0.04288628606758762
185,48113,2635516,14.57738905,6.475758357,14.2,3.7,59838.0,98.6905,4102.36967662338,0.212115066665109,0.0541315025530148,0.00327913149662245,0.630972462884915,9.70575403762409e-08,0.06064582696293167
186,48157,811688,11.91672048,4.703179022,7.9,4.0,92310.0,152.2463,1482.61070864,0.211050070815157,0.12640398835142,0.00256107598633762,0.5801447641685191,2.599164000503889e-07,0.038652685427452135
187,48167,342139,11.60005118,8.632391025,12.1,4.6,71959.0,118.6816,1846.0977486956501,0.129190899369274,0.0272797765086634,0.0040770450921484794,0.797013128332741,6.59974959172818e-07,0.07598642888788519
188,48201,4713325,14.25196708,5.99827325,16.5,4.4,60241.0,99.3551,4338.40736591928,0.201550747031487,0.0634131427639427,0.00429263470346216,0.6256624140870489,0.4997656108782089,1.0621748909762918e-05
189,48303,310569,12.73382552,8.440688714,17.6,3.1,50377.0,83.0865,2098.19148448276,0.0750979509563229,0.0199313686245339,0.00905912267730617,0.789582378255072,7.671199251920323e-07,0.1620733202141811
190,48439,2102515,13.15117421,6.594707742000001,12.1,3.5,66059.0,108.9507,3070.0978234042605,0.159102516714762,0.0449980903192358,0.0055096640085555105,0.695323778901629,1.1638715175867493e-07,0.05901220316233125
191,48453,1273954,12.01891986,4.916434109,12.0,2.8,76255.0,125.7669,3378.2322072151896,0.0716597495220795,0.0619753516126463,0.004005455320109911,0.780739934394453,1.959088265497986e-07,0.05647929183292419
192,50007,163774,8.859154713999999,7.032335915,10.4,2.1,74240.0,121.8707,1171.10511875,0.0192636949011774,0.0283907228700262,0.00257838616545423,0.9262142920755909,1.300170681955914e-06,0.1199998525108794
193,51013,236842,12.21062159,4.3141094639999995,6.3,2.0,120950.0,166.5978,9681.84046666667,0.0722951749381209,0.13412121301469299,0.00232204750928853,0.731447734719946,9.651040138864269e-07,0.06901399209849464
194,51059,1147532,11.99392856,4.972136263,6.1,2.4,122035.0,168.0923,3782.4873383561603,0.0881278839488266,0.188423818576684,0.0018671005416203,0.6377385639114179,2.1267772819489067e-07,0.06814956349815911
195,51087,330818,11.70638259,8.584276406,9.0,3.0,68581.0,94.4642,2324.708815,0.280823981194726,0.0663147375307755,0.00202489552130717,0.600711549722578,7.569978966142179e-07,0.2419877899139969
196,53005,204390,12.70965007,7.232372632000001,9.8,5.2,69212.0,93.5007,742.50313651,0.00912146823839593,0.0160129518780055,0.014119400968856001,0.771760084358321,1.1575817782181795e-06,0.19507573825541968
197,53033,2252782,11.24176717,6.211357541,9.2,3.5,94822.0,128.098,6747.26438017845,0.0625453267530073,0.15006434253247503,0.00789735696597925,0.6846143065348771,1.0347956677693221e-07,0.13425485251811586
198,53053,904980,12.78453314,8.099020646,8.7,5.2,75022.0,101.3496,2372.6752998108104,0.0701685347908192,0.0496312449135743,0.0109690002761161,0.7663077049527,2.4729666753998793e-07,0.06174876873536581
199,53061,822083,12.22279166,7.15534186,7.5,3.8,87096.0,117.6607,2217.03624114286,0.0210888946029639,0.0766434660507722,0.0115408033944612,0.81140144580369,1.9326045813539122e-07,0.043845520775651375
200,53073,229247,9.699764988,7.314432581,14.9,4.7,62262.0,84.1117,827.5457665,0.007975579731768,0.0299763462340689,0.0252858390833452,0.8682695712809959,8.8363479473976e-07,0.14881861718535644
201,53077,250873,14.94111899,8.348041122,16.5,6.3,51377.0,69.4068,628.89074576,0.00655228523426104,0.00918234916332486,0.0806676389478521,0.760976626103414,9.521674568558892e-07,0.08112443014962205
202,55079,945726,13.67468081,8.692367232999999,19.1,3.6,49771.0,81.8885,6080.06359574468,0.217366069198158,0.0373651138516964,0.00545799745941146,0.6581807687750479,2.79456156362979e-07,0.14159735113017818
